ID,target
TEST_00000,11
TEST_00001,13
TEST_00002,8
TEST_00003,6
TEST_00004,20
TEST_00005,7
TEST_00006,13
TEST_00007,7
TEST_00008,10
TEST_00009,3
TEST_00010,16
TEST_00011,16
TEST_00012,9
TEST_00013,0
TEST_00014,11
TEST_00015,9
TEST_00016,15
TEST_00017,9
TEST_00018,12
TEST_00019,13
TEST_00020,7
TEST_00021,0
TEST_00022,13
TEST_00023,16
TEST_00024,14
TEST_00025,6
TEST_00026,8
TEST_00027,14
TEST_00028,6
TEST_00029,6
TEST_00030,1
TEST_00031,10
TEST_00032,3
TEST_00033,12
TEST_00034,3
TEST_00035,16
TEST_00036,2
TEST_00037,12
TEST_00038,12
TEST_00039,6
TEST_00040,7
TEST_00041,8
TEST_00042,15
TEST_00043,14
TEST_00044,8
TEST_00045,8
TEST_00046,5
TEST_00047,11
TEST_00048,3
TEST_00049,15
TEST_00050,4
TEST_00051,17
TEST_00052,12
TEST_00053,8
TEST_00054,11
TEST_00055,16
TEST_00056,20
TEST_00057,12
TEST_00058,10
TEST_00059,9
TEST_00060,17
TEST_00061,20
TEST_00062,9
TEST_00063,10
TEST_00064,4
TEST_00065,5
TEST_00066,2
TEST_00067,17
TEST_00068,12
TEST_00069,15
TEST_00070,2
TEST_00071,8
TEST_00072,0
TEST_00073,11
TEST_00074,5
TEST_00075,16
TEST_00076,20
TEST_00077,6
TEST_00078,0
TEST_00079,5
TEST_00080,1
TEST_00081,14
TEST_00082,5
TEST_00083,11
TEST_00084,9
TEST_00085,15
TEST_00086,9
TEST_00087,3
TEST_00088,16
TEST_00089,20
TEST_00090,16
TEST_00091,1
TEST_00092,5
TEST_00093,1
TEST_00094,1
TEST_00095,1
TEST_00096,11
TEST_00097,16
TEST_00098,20
TEST_00099,12
TEST_00100,9
TEST_00101,3
TEST_00102,7
TEST_00103,2
TEST_00104,16
TEST_00105,8
TEST_00106,17
TEST_00107,4
TEST_00108,18
TEST_00109,15
TEST_00110,4
TEST_00111,13
TEST_00112,4
TEST_00113,9
TEST_00114,14
TEST_00115,17
TEST_00116,15
TEST_00117,3
TEST_00118,7
TEST_00119,4
TEST_00120,9
TEST_00121,14
TEST_00122,14
TEST_00123,7
TEST_00124,19
TEST_00125,11
TEST_00126,0
TEST_00127,7
TEST_00128,13
TEST_00129,8
TEST_00130,6
TEST_00131,14
TEST_00132,17
TEST_00133,5
TEST_00134,6
TEST_00135,1
TEST_00136,6
TEST_00137,8
TEST_00138,8
TEST_00139,8
TEST_00140,9
TEST_00141,2
TEST_00142,3
TEST_00143,3
TEST_00144,13
TEST_00145,10
TEST_00146,1
TEST_00147,9
TEST_00148,20
TEST_00149,3
TEST_00150,6
TEST_00151,20
TEST_00152,0
TEST_00153,12
TEST_00154,3
TEST_00155,4
TEST_00156,18
TEST_00157,4
TEST_00158,18
TEST_00159,13
TEST_00160,4
TEST_00161,14
TEST_00162,0
TEST_00163,20
TEST_00164,0
TEST_00165,11
TEST_00166,16
TEST_00167,5
TEST_00168,0
TEST_00169,20
TEST_00170,3
TEST_00171,18
TEST_00172,11
TEST_00173,16
TEST_00174,5
TEST_00175,11
TEST_00176,18
TEST_00177,14
TEST_00178,13
TEST_00179,16
TEST_00180,9
TEST_00181,2
TEST_00182,16
TEST_00183,3
TEST_00184,18
TEST_00185,0
TEST_00186,18
TEST_00187,3
TEST_00188,4
TEST_00189,1
TEST_00190,11
TEST_00191,6
TEST_00192,1
TEST_00193,6
TEST_00194,19
TEST_00195,11
TEST_00196,11
TEST_00197,7
TEST_00198,17
TEST_00199,12
TEST_00200,3
TEST_00201,12
TEST_00202,14
TEST_00203,8
TEST_00204,17
TEST_00205,9
TEST_00206,1
TEST_00207,6
TEST_00208,18
TEST_00209,15
TEST_00210,11
TEST_00211,7
TEST_00212,10
TEST_00213,20
TEST_00214,15
TEST_00215,12
TEST_00216,14
TEST_00217,2
TEST_00218,0
TEST_00219,9
TEST_00220,15
TEST_00221,7
TEST_00222,15
TEST_00223,16
TEST_00224,13
TEST_00225,18
TEST_00226,19
TEST_00227,20
TEST_00228,19
TEST_00229,6
TEST_00230,20
TEST_00231,6
TEST_00232,13
TEST_00233,13
TEST_00234,18
TEST_00235,10
TEST_00236,10
TEST_00237,3
TEST_00238,6
TEST_00239,18
TEST_00240,20
TEST_00241,13
TEST_00242,14
TEST_00243,7
TEST_00244,10
TEST_00245,20
TEST_00246,19
TEST_00247,14
TEST_00248,2
TEST_00249,11
TEST_00250,14
TEST_00251,9
TEST_00252,20
TEST_00253,10
TEST_00254,17
TEST_00255,10
TEST_00256,11
TEST_00257,4
TEST_00258,8
TEST_00259,19
TEST_00260,7
TEST_00261,4
TEST_00262,9
TEST_00263,14
TEST_00264,17
TEST_00265,12
TEST_00266,7
TEST_00267,14
TEST_00268,9
TEST_00269,9
TEST_00270,4
TEST_00271,7
TEST_00272,1
TEST_00273,10
TEST_00274,8
TEST_00275,13
TEST_00276,15
TEST_00277,13
TEST_00278,13
TEST_00279,17
TEST_00280,3
TEST_00281,15
TEST_00282,11
TEST_00283,1
TEST_00284,18
TEST_00285,20
TEST_00286,6
TEST_00287,10
TEST_00288,3
TEST_00289,12
TEST_00290,20
TEST_00291,12
TEST_00292,17
TEST_00293,14
TEST_00294,9
TEST_00295,10
TEST_00296,11
TEST_00297,3
TEST_00298,8
TEST_00299,9
TEST_00300,15
TEST_00301,5
TEST_00302,5
TEST_00303,15
TEST_00304,10
TEST_00305,15
TEST_00306,20
TEST_00307,4
TEST_00308,5
TEST_00309,5
TEST_00310,15
TEST_00311,11
TEST_00312,7
TEST_00313,8
TEST_00314,14
TEST_00315,9
TEST_00316,0
TEST_00317,7
TEST_00318,4
TEST_00319,7
TEST_00320,8
TEST_00321,17
TEST_00322,16
TEST_00323,13
TEST_00324,18
TEST_00325,14
TEST_00326,16
TEST_00327,2
TEST_00328,4
TEST_00329,2
TEST_00330,4
TEST_00331,8
TEST_00332,18
TEST_00333,1
TEST_00334,13
TEST_00335,9
TEST_00336,4
TEST_00337,14
TEST_00338,4
TEST_00339,10
TEST_00340,12
TEST_00341,15
TEST_00342,17
TEST_00343,17
TEST_00344,1
TEST_00345,6
TEST_00346,5
TEST_00347,8
TEST_00348,7
TEST_00349,11
TEST_00350,6
TEST_00351,11
TEST_00352,15
TEST_00353,0
TEST_00354,1
TEST_00355,0
TEST_00356,11
TEST_00357,14
TEST_00358,16
TEST_00359,4
TEST_00360,6
TEST_00361,17
TEST_00362,16
TEST_00363,10
TEST_00364,9
TEST_00365,12
TEST_00366,14
TEST_00367,12
TEST_00368,0
TEST_00369,9
TEST_00370,14
TEST_00371,11
TEST_00372,14
TEST_00373,0
TEST_00374,11
TEST_00375,8
TEST_00376,9
TEST_00377,7
TEST_00378,12
TEST_00379,11
TEST_00380,18
TEST_00381,2
TEST_00382,18
TEST_00383,9
TEST_00384,0
TEST_00385,16
TEST_00386,6
TEST_00387,5
TEST_00388,12
TEST_00389,14
TEST_00390,12
TEST_00391,12
TEST_00392,19
TEST_00393,4
TEST_00394,7
TEST_00395,0
TEST_00396,20
TEST_00397,7
TEST_00398,2
TEST_00399,7
TEST_00400,11
TEST_00401,6
TEST_00402,18
TEST_00403,1
TEST_00404,12
TEST_00405,11
TEST_00406,4
TEST_00407,19
TEST_00408,14
TEST_00409,4
TEST_00410,10
TEST_00411,9
TEST_00412,18
TEST_00413,8
TEST_00414,2
TEST_00415,20
TEST_00416,18
TEST_00417,19
TEST_00418,12
TEST_00419,4
TEST_00420,1
TEST_00421,5
TEST_00422,12
TEST_00423,9
TEST_00424,5
TEST_00425,4
TEST_00426,1
TEST_00427,20
TEST_00428,9
TEST_00429,19
TEST_00430,12
TEST_00431,4
TEST_00432,15
TEST_00433,17
TEST_00434,3
TEST_00435,7
TEST_00436,8
TEST_00437,20
TEST_00438,2
TEST_00439,13
TEST_00440,5
TEST_00441,20
TEST_00442,12
TEST_00443,18
TEST_00444,13
TEST_00445,0
TEST_00446,20
TEST_00447,4
TEST_00448,16
TEST_00449,17
TEST_00450,15
TEST_00451,5
TEST_00452,6
TEST_00453,15
TEST_00454,15
TEST_00455,12
TEST_00456,8
TEST_00457,17
TEST_00458,18
TEST_00459,17
TEST_00460,16
TEST_00461,9
TEST_00462,9
TEST_00463,2
TEST_00464,13
TEST_00465,12
TEST_00466,13
TEST_00467,1
TEST_00468,5
TEST_00469,2
TEST_00470,13
TEST_00471,13
TEST_00472,15
TEST_00473,7
TEST_00474,17
TEST_00475,3
TEST_00476,1
TEST_00477,14
TEST_00478,11
TEST_00479,15
TEST_00480,20
TEST_00481,1
TEST_00482,8
TEST_00483,15
TEST_00484,0
TEST_00485,10
TEST_00486,4
TEST_00487,18
TEST_00488,0
TEST_00489,3
TEST_00490,13
TEST_00491,11
TEST_00492,15
TEST_00493,9
TEST_00494,0
TEST_00495,9
TEST_00496,18
TEST_00497,12
TEST_00498,4
TEST_00499,8
TEST_00500,4
TEST_00501,11
TEST_00502,17
TEST_00503,18
TEST_00504,19
TEST_00505,19
TEST_00506,9
TEST_00507,1
TEST_00508,13
TEST_00509,14
TEST_00510,4
TEST_00511,15
TEST_00512,12
TEST_00513,7
TEST_00514,10
TEST_00515,20
TEST_00516,12
TEST_00517,8
TEST_00518,1
TEST_00519,14
TEST_00520,16
TEST_00521,8
TEST_00522,9
TEST_00523,13
TEST_00524,8
TEST_00525,10
TEST_00526,8
TEST_00527,13
TEST_00528,11
TEST_00529,7
TEST_00530,9
TEST_00531,5
TEST_00532,13
TEST_00533,6
TEST_00534,13
TEST_00535,20
TEST_00536,12
TEST_00537,5
TEST_00538,8
TEST_00539,0
TEST_00540,5
TEST_00541,6
TEST_00542,6
TEST_00543,19
TEST_00544,8
TEST_00545,9
TEST_00546,6
TEST_00547,12
TEST_00548,4
TEST_00549,1
TEST_00550,12
TEST_00551,6
TEST_00552,10
TEST_00553,0
TEST_00554,6
TEST_00555,2
TEST_00556,8
TEST_00557,10
TEST_00558,3
TEST_00559,4
TEST_00560,14
TEST_00561,11
TEST_00562,2
TEST_00563,4
TEST_00564,0
TEST_00565,5
TEST_00566,15
TEST_00567,10
TEST_00568,16
TEST_00569,1
TEST_00570,19
TEST_00571,18
TEST_00572,11
TEST_00573,14
TEST_00574,13
TEST_00575,0
TEST_00576,18
TEST_00577,10
TEST_00578,3
TEST_00579,14
TEST_00580,12
TEST_00581,11
TEST_00582,17
TEST_00583,17
TEST_00584,17
TEST_00585,7
TEST_00586,13
TEST_00587,4
TEST_00588,3
TEST_00589,19
TEST_00590,14
TEST_00591,19
TEST_00592,15
TEST_00593,9
TEST_00594,7
TEST_00595,0
TEST_00596,1
TEST_00597,5
TEST_00598,12
TEST_00599,9
TEST_00600,14
TEST_00601,1
TEST_00602,1
TEST_00603,3
TEST_00604,14
TEST_00605,20
TEST_00606,12
TEST_00607,20
TEST_00608,19
TEST_00609,4
TEST_00610,7
TEST_00611,15
TEST_00612,9
TEST_00613,20
TEST_00614,18
TEST_00615,8
TEST_00616,20
TEST_00617,2
TEST_00618,8
TEST_00619,7
TEST_00620,2
TEST_00621,11
TEST_00622,1
TEST_00623,12
TEST_00624,4
TEST_00625,10
TEST_00626,0
TEST_00627,20
TEST_00628,8
TEST_00629,12
TEST_00630,8
TEST_00631,17
TEST_00632,13
TEST_00633,3
TEST_00634,15
TEST_00635,15
TEST_00636,1
TEST_00637,0
TEST_00638,2
TEST_00639,16
TEST_00640,18
TEST_00641,18
TEST_00642,3
TEST_00643,8
TEST_00644,6
TEST_00645,3
TEST_00646,12
TEST_00647,12
TEST_00648,20
TEST_00649,0
TEST_00650,5
TEST_00651,16
TEST_00652,16
TEST_00653,13
TEST_00654,12
TEST_00655,8
TEST_00656,4
TEST_00657,5
TEST_00658,15
TEST_00659,13
TEST_00660,19
TEST_00661,17
TEST_00662,16
TEST_00663,10
TEST_00664,6
TEST_00665,1
TEST_00666,19
TEST_00667,2
TEST_00668,20
TEST_00669,10
TEST_00670,12
TEST_00671,6
TEST_00672,6
TEST_00673,18
TEST_00674,20
TEST_00675,12
TEST_00676,15
TEST_00677,4
TEST_00678,11
TEST_00679,7
TEST_00680,0
TEST_00681,17
TEST_00682,15
TEST_00683,1
TEST_00684,2
TEST_00685,11
TEST_00686,12
TEST_00687,3
TEST_00688,16
TEST_00689,2
TEST_00690,20
TEST_00691,20
TEST_00692,6
TEST_00693,13
TEST_00694,17
TEST_00695,4
TEST_00696,4
TEST_00697,9
TEST_00698,1
TEST_00699,9
TEST_00700,0
TEST_00701,9
TEST_00702,7
TEST_00703,4
TEST_00704,16
TEST_00705,4
TEST_00706,6
TEST_00707,0
TEST_00708,20
TEST_00709,0
TEST_00710,16
TEST_00711,14
TEST_00712,18
TEST_00713,9
TEST_00714,18
TEST_00715,16
TEST_00716,17
TEST_00717,12
TEST_00718,8
TEST_00719,13
TEST_00720,11
TEST_00721,4
TEST_00722,12
TEST_00723,7
TEST_00724,18
TEST_00725,15
TEST_00726,9
TEST_00727,12
TEST_00728,1
TEST_00729,1
TEST_00730,1
TEST_00731,6
TEST_00732,12
TEST_00733,11
TEST_00734,17
TEST_00735,17
TEST_00736,10
TEST_00737,1
TEST_00738,2
TEST_00739,2
TEST_00740,18
TEST_00741,19
TEST_00742,19
TEST_00743,15
TEST_00744,8
TEST_00745,12
TEST_00746,20
TEST_00747,2
TEST_00748,3
TEST_00749,3
TEST_00750,4
TEST_00751,8
TEST_00752,16
TEST_00753,4
TEST_00754,4
TEST_00755,6
TEST_00756,13
TEST_00757,9
TEST_00758,3
TEST_00759,11
TEST_00760,12
TEST_00761,5
TEST_00762,16
TEST_00763,18
TEST_00764,13
TEST_00765,18
TEST_00766,9
TEST_00767,6
TEST_00768,15
TEST_00769,18
TEST_00770,4
TEST_00771,13
TEST_00772,6
TEST_00773,4
TEST_00774,1
TEST_00775,11
TEST_00776,15
TEST_00777,18
TEST_00778,17
TEST_00779,20
TEST_00780,17
TEST_00781,15
TEST_00782,10
TEST_00783,12
TEST_00784,10
TEST_00785,3
TEST_00786,11
TEST_00787,19
TEST_00788,20
TEST_00789,6
TEST_00790,17
TEST_00791,8
TEST_00792,13
TEST_00793,19
TEST_00794,6
TEST_00795,12
TEST_00796,19
TEST_00797,6
TEST_00798,3
TEST_00799,13
TEST_00800,5
TEST_00801,19
TEST_00802,13
TEST_00803,8
TEST_00804,2
TEST_00805,0
TEST_00806,12
TEST_00807,7
TEST_00808,14
TEST_00809,0
TEST_00810,5
TEST_00811,7
TEST_00812,15
TEST_00813,19
TEST_00814,1
TEST_00815,19
TEST_00816,16
TEST_00817,10
TEST_00818,9
TEST_00819,18
TEST_00820,4
TEST_00821,16
TEST_00822,2
TEST_00823,10
TEST_00824,14
TEST_00825,10
TEST_00826,19
TEST_00827,0
TEST_00828,7
TEST_00829,19
TEST_00830,1
TEST_00831,17
TEST_00832,17
TEST_00833,6
TEST_00834,1
TEST_00835,8
TEST_00836,15
TEST_00837,14
TEST_00838,20
TEST_00839,4
TEST_00840,9
TEST_00841,2
TEST_00842,3
TEST_00843,2
TEST_00844,1
TEST_00845,1
TEST_00846,8
TEST_00847,13
TEST_00848,2
TEST_00849,15
TEST_00850,5
TEST_00851,0
TEST_00852,0
TEST_00853,8
TEST_00854,4
TEST_00855,4
TEST_00856,15
TEST_00857,14
TEST_00858,5
TEST_00859,10
TEST_00860,3
TEST_00861,9
TEST_00862,19
TEST_00863,4
TEST_00864,7
TEST_00865,1
TEST_00866,16
TEST_00867,16
TEST_00868,0
TEST_00869,14
TEST_00870,17
TEST_00871,6
TEST_00872,5
TEST_00873,2
TEST_00874,19
TEST_00875,0
TEST_00876,6
TEST_00877,2
TEST_00878,4
TEST_00879,15
TEST_00880,1
TEST_00881,12
TEST_00882,19
TEST_00883,12
TEST_00884,1
TEST_00885,10
TEST_00886,18
TEST_00887,1
TEST_00888,19
TEST_00889,2
TEST_00890,18
TEST_00891,11
TEST_00892,11
TEST_00893,11
TEST_00894,14
TEST_00895,11
TEST_00896,4
TEST_00897,11
TEST_00898,19
TEST_00899,9
TEST_00900,12
TEST_00901,10
TEST_00902,3
TEST_00903,12
TEST_00904,8
TEST_00905,18
TEST_00906,4
TEST_00907,8
TEST_00908,8
TEST_00909,19
TEST_00910,18
TEST_00911,9
TEST_00912,2
TEST_00913,10
TEST_00914,13
TEST_00915,6
TEST_00916,9
TEST_00917,4
TEST_00918,13
TEST_00919,3
TEST_00920,15
TEST_00921,8
TEST_00922,4
TEST_00923,11
TEST_00924,16
TEST_00925,5
TEST_00926,0
TEST_00927,16
TEST_00928,3
TEST_00929,3
TEST_00930,14
TEST_00931,20
TEST_00932,15
TEST_00933,11
TEST_00934,18
TEST_00935,10
TEST_00936,4
TEST_00937,2
TEST_00938,6
TEST_00939,9
TEST_00940,14
TEST_00941,12
TEST_00942,18
TEST_00943,8
TEST_00944,16
TEST_00945,18
TEST_00946,20
TEST_00947,11
TEST_00948,18
TEST_00949,13
TEST_00950,5
TEST_00951,18
TEST_00952,14
TEST_00953,4
TEST_00954,15
TEST_00955,0
TEST_00956,7
TEST_00957,1
TEST_00958,4
TEST_00959,7
TEST_00960,10
TEST_00961,2
TEST_00962,17
TEST_00963,6
TEST_00964,13
TEST_00965,8
TEST_00966,7
TEST_00967,12
TEST_00968,12
TEST_00969,14
TEST_00970,16
TEST_00971,11
TEST_00972,5
TEST_00973,18
TEST_00974,10
TEST_00975,15
TEST_00976,16
TEST_00977,10
TEST_00978,4
TEST_00979,15
TEST_00980,19
TEST_00981,16
TEST_00982,14
TEST_00983,2
TEST_00984,0
TEST_00985,8
TEST_00986,16
TEST_00987,1
TEST_00988,18
TEST_00989,6
TEST_00990,6
TEST_00991,18
TEST_00992,11
TEST_00993,0
TEST_00994,4
TEST_00995,16
TEST_00996,4
TEST_00997,9
TEST_00998,12
TEST_00999,1
TEST_01000,6
TEST_01001,3
TEST_01002,1
TEST_01003,20
TEST_01004,2
TEST_01005,5
TEST_01006,10
TEST_01007,11
TEST_01008,6
TEST_01009,0
TEST_01010,7
TEST_01011,14
TEST_01012,7
TEST_01013,17
TEST_01014,18
TEST_01015,11
TEST_01016,11
TEST_01017,2
TEST_01018,1
TEST_01019,18
TEST_01020,10
TEST_01021,5
TEST_01022,11
TEST_01023,10
TEST_01024,17
TEST_01025,8
TEST_01026,12
TEST_01027,7
TEST_01028,9
TEST_01029,2
TEST_01030,15
TEST_01031,7
TEST_01032,15
TEST_01033,8
TEST_01034,17
TEST_01035,10
TEST_01036,10
TEST_01037,5
TEST_01038,20
TEST_01039,14
TEST_01040,15
TEST_01041,4
TEST_01042,10
TEST_01043,14
TEST_01044,3
TEST_01045,14
TEST_01046,7
TEST_01047,20
TEST_01048,2
TEST_01049,4
TEST_01050,18
TEST_01051,16
TEST_01052,19
TEST_01053,2
TEST_01054,20
TEST_01055,10
TEST_01056,4
TEST_01057,18
TEST_01058,1
TEST_01059,11
TEST_01060,17
TEST_01061,1
TEST_01062,12
TEST_01063,11
TEST_01064,14
TEST_01065,18
TEST_01066,12
TEST_01067,9
TEST_01068,9
TEST_01069,10
TEST_01070,16
TEST_01071,6
TEST_01072,0
TEST_01073,13
TEST_01074,17
TEST_01075,16
TEST_01076,11
TEST_01077,15
TEST_01078,8
TEST_01079,1
TEST_01080,11
TEST_01081,2
TEST_01082,17
TEST_01083,11
TEST_01084,0
TEST_01085,2
TEST_01086,19
TEST_01087,13
TEST_01088,20
TEST_01089,15
TEST_01090,13
TEST_01091,5
TEST_01092,1
TEST_01093,8
TEST_01094,1
TEST_01095,15
TEST_01096,20
TEST_01097,3
TEST_01098,10
TEST_01099,3
TEST_01100,14
TEST_01101,13
TEST_01102,6
TEST_01103,2
TEST_01104,18
TEST_01105,20
TEST_01106,17
TEST_01107,13
TEST_01108,14
TEST_01109,17
TEST_01110,5
TEST_01111,3
TEST_01112,7
TEST_01113,14
TEST_01114,19
TEST_01115,2
TEST_01116,17
TEST_01117,11
TEST_01118,16
TEST_01119,7
TEST_01120,17
TEST_01121,19
TEST_01122,19
TEST_01123,4
TEST_01124,2
TEST_01125,19
TEST_01126,17
TEST_01127,14
TEST_01128,19
TEST_01129,2
TEST_01130,6
TEST_01131,11
TEST_01132,13
TEST_01133,2
TEST_01134,15
TEST_01135,18
TEST_01136,1
TEST_01137,8
TEST_01138,1
TEST_01139,4
TEST_01140,1
TEST_01141,9
TEST_01142,11
TEST_01143,1
TEST_01144,18
TEST_01145,10
TEST_01146,18
TEST_01147,10
TEST_01148,5
TEST_01149,0
TEST_01150,10
TEST_01151,14
TEST_01152,10
TEST_01153,8
TEST_01154,17
TEST_01155,11
TEST_01156,14
TEST_01157,3
TEST_01158,7
TEST_01159,16
TEST_01160,14
TEST_01161,7
TEST_01162,4
TEST_01163,4
TEST_01164,1
TEST_01165,20
TEST_01166,3
TEST_01167,10
TEST_01168,1
TEST_01169,19
TEST_01170,5
TEST_01171,18
TEST_01172,16
TEST_01173,6
TEST_01174,2
TEST_01175,6
TEST_01176,5
TEST_01177,11
TEST_01178,0
TEST_01179,10
TEST_01180,17
TEST_01181,2
TEST_01182,6
TEST_01183,7
TEST_01184,5
TEST_01185,3
TEST_01186,0
TEST_01187,16
TEST_01188,9
TEST_01189,20
TEST_01190,13
TEST_01191,16
TEST_01192,8
TEST_01193,19
TEST_01194,2
TEST_01195,10
TEST_01196,15
TEST_01197,0
TEST_01198,18
TEST_01199,12
TEST_01200,20
TEST_01201,4
TEST_01202,9
TEST_01203,12
TEST_01204,18
TEST_01205,8
TEST_01206,7
TEST_01207,19
TEST_01208,7
TEST_01209,4
TEST_01210,11
TEST_01211,18
TEST_01212,5
TEST_01213,12
TEST_01214,8
TEST_01215,1
TEST_01216,11
TEST_01217,3
TEST_01218,1
TEST_01219,7
TEST_01220,15
TEST_01221,15
TEST_01222,17
TEST_01223,9
TEST_01224,19
TEST_01225,16
TEST_01226,2
TEST_01227,16
TEST_01228,18
TEST_01229,0
TEST_01230,18
TEST_01231,18
TEST_01232,18
TEST_01233,2
TEST_01234,4
TEST_01235,7
TEST_01236,19
TEST_01237,11
TEST_01238,19
TEST_01239,10
TEST_01240,18
TEST_01241,10
TEST_01242,11
TEST_01243,8
TEST_01244,19
TEST_01245,13
TEST_01246,0
TEST_01247,11
TEST_01248,18
TEST_01249,4
TEST_01250,6
TEST_01251,6
TEST_01252,15
TEST_01253,2
TEST_01254,20
TEST_01255,11
TEST_01256,14
TEST_01257,15
TEST_01258,9
TEST_01259,6
TEST_01260,7
TEST_01261,5
TEST_01262,15
TEST_01263,14
TEST_01264,2
TEST_01265,9
TEST_01266,16
TEST_01267,19
TEST_01268,14
TEST_01269,11
TEST_01270,16
TEST_01271,20
TEST_01272,17
TEST_01273,14
TEST_01274,18
TEST_01275,2
TEST_01276,6
TEST_01277,11
TEST_01278,4
TEST_01279,14
TEST_01280,11
TEST_01281,8
TEST_01282,17
TEST_01283,17
TEST_01284,13
TEST_01285,17
TEST_01286,19
TEST_01287,1
TEST_01288,1
TEST_01289,11
TEST_01290,20
TEST_01291,1
TEST_01292,14
TEST_01293,12
TEST_01294,6
TEST_01295,11
TEST_01296,13
TEST_01297,9
TEST_01298,14
TEST_01299,13
TEST_01300,4
TEST_01301,8
TEST_01302,1
TEST_01303,1
TEST_01304,13
TEST_01305,14
TEST_01306,16
TEST_01307,12
TEST_01308,3
TEST_01309,9
TEST_01310,15
TEST_01311,1
TEST_01312,17
TEST_01313,17
TEST_01314,4
TEST_01315,17
TEST_01316,3
TEST_01317,1
TEST_01318,18
TEST_01319,2
TEST_01320,20
TEST_01321,12
TEST_01322,11
TEST_01323,0
TEST_01324,8
TEST_01325,16
TEST_01326,8
TEST_01327,9
TEST_01328,15
TEST_01329,0
TEST_01330,6
TEST_01331,18
TEST_01332,7
TEST_01333,14
TEST_01334,16
TEST_01335,4
TEST_01336,16
TEST_01337,2
TEST_01338,15
TEST_01339,14
TEST_01340,9
TEST_01341,12
TEST_01342,10
TEST_01343,6
TEST_01344,20
TEST_01345,6
TEST_01346,19
TEST_01347,18
TEST_01348,16
TEST_01349,14
TEST_01350,12
TEST_01351,9
TEST_01352,5
TEST_01353,20
TEST_01354,1
TEST_01355,12
TEST_01356,5
TEST_01357,15
TEST_01358,14
TEST_01359,3
TEST_01360,5
TEST_01361,1
TEST_01362,3
TEST_01363,5
TEST_01364,10
TEST_01365,9
TEST_01366,11
TEST_01367,10
TEST_01368,15
TEST_01369,3
TEST_01370,19
TEST_01371,17
TEST_01372,15
TEST_01373,13
TEST_01374,15
TEST_01375,11
TEST_01376,10
TEST_01377,11
TEST_01378,11
TEST_01379,8
TEST_01380,6
TEST_01381,9
TEST_01382,4
TEST_01383,0
TEST_01384,15
TEST_01385,11
TEST_01386,17
TEST_01387,18
TEST_01388,12
TEST_01389,12
TEST_01390,6
TEST_01391,2
TEST_01392,1
TEST_01393,2
TEST_01394,19
TEST_01395,13
TEST_01396,7
TEST_01397,18
TEST_01398,5
TEST_01399,4
TEST_01400,7
TEST_01401,10
TEST_01402,5
TEST_01403,13
TEST_01404,3
TEST_01405,3
TEST_01406,0
TEST_01407,6
TEST_01408,12
TEST_01409,5
TEST_01410,20
TEST_01411,4
TEST_01412,15
TEST_01413,17
TEST_01414,14
TEST_01415,15
TEST_01416,20
TEST_01417,18
TEST_01418,3
TEST_01419,9
TEST_01420,11
TEST_01421,17
TEST_01422,19
TEST_01423,0
TEST_01424,19
TEST_01425,6
TEST_01426,2
TEST_01427,6
TEST_01428,14
TEST_01429,11
TEST_01430,4
TEST_01431,0
TEST_01432,9
TEST_01433,1
TEST_01434,18
TEST_01435,6
TEST_01436,9
TEST_01437,16
TEST_01438,2
TEST_01439,9
TEST_01440,3
TEST_01441,14
TEST_01442,13
TEST_01443,4
TEST_01444,3
TEST_01445,10
TEST_01446,17
TEST_01447,13
TEST_01448,18
TEST_01449,16
TEST_01450,3
TEST_01451,5
TEST_01452,8
TEST_01453,4
TEST_01454,17
TEST_01455,11
TEST_01456,7
TEST_01457,17
TEST_01458,17
TEST_01459,1
TEST_01460,16
TEST_01461,4
TEST_01462,8
TEST_01463,1
TEST_01464,13
TEST_01465,0
TEST_01466,1
TEST_01467,7
TEST_01468,4
TEST_01469,3
TEST_01470,11
TEST_01471,13
TEST_01472,14
TEST_01473,4
TEST_01474,6
TEST_01475,16
TEST_01476,3
TEST_01477,6
TEST_01478,17
TEST_01479,6
TEST_01480,16
TEST_01481,5
TEST_01482,11
TEST_01483,4
TEST_01484,7
TEST_01485,17
TEST_01486,16
TEST_01487,16
TEST_01488,17
TEST_01489,6
TEST_01490,2
TEST_01491,3
TEST_01492,19
TEST_01493,13
TEST_01494,12
TEST_01495,13
TEST_01496,12
TEST_01497,14
TEST_01498,8
TEST_01499,9
TEST_01500,4
TEST_01501,12
TEST_01502,1
TEST_01503,11
TEST_01504,9
TEST_01505,16
TEST_01506,9
TEST_01507,20
TEST_01508,1
TEST_01509,16
TEST_01510,18
TEST_01511,5
TEST_01512,9
TEST_01513,15
TEST_01514,13
TEST_01515,2
TEST_01516,15
TEST_01517,2
TEST_01518,5
TEST_01519,20
TEST_01520,14
TEST_01521,0
TEST_01522,20
TEST_01523,3
TEST_01524,14
TEST_01525,6
TEST_01526,1
TEST_01527,14
TEST_01528,19
TEST_01529,5
TEST_01530,16
TEST_01531,4
TEST_01532,15
TEST_01533,7
TEST_01534,4
TEST_01535,8
TEST_01536,16
TEST_01537,12
TEST_01538,9
TEST_01539,16
TEST_01540,20
TEST_01541,11
TEST_01542,6
TEST_01543,20
TEST_01544,13
TEST_01545,12
TEST_01546,17
TEST_01547,4
TEST_01548,17
TEST_01549,4
TEST_01550,11
TEST_01551,16
TEST_01552,17
TEST_01553,10
TEST_01554,5
TEST_01555,0
TEST_01556,16
TEST_01557,9
TEST_01558,17
TEST_01559,8
TEST_01560,6
TEST_01561,14
TEST_01562,16
TEST_01563,10
TEST_01564,12
TEST_01565,4
TEST_01566,12
TEST_01567,19
TEST_01568,1
TEST_01569,15
TEST_01570,7
TEST_01571,14
TEST_01572,17
TEST_01573,1
TEST_01574,10
TEST_01575,15
TEST_01576,17
TEST_01577,18
TEST_01578,9
TEST_01579,8
TEST_01580,5
TEST_01581,8
TEST_01582,11
TEST_01583,13
TEST_01584,17
TEST_01585,13
TEST_01586,13
TEST_01587,7
TEST_01588,13
TEST_01589,6
TEST_01590,17
TEST_01591,6
TEST_01592,5
TEST_01593,19
TEST_01594,17
TEST_01595,1
TEST_01596,14
TEST_01597,12
TEST_01598,0
TEST_01599,8
TEST_01600,14
TEST_01601,16
TEST_01602,17
TEST_01603,6
TEST_01604,7
TEST_01605,20
TEST_01606,15
TEST_01607,6
TEST_01608,12
TEST_01609,12
TEST_01610,3
TEST_01611,20
TEST_01612,1
TEST_01613,3
TEST_01614,16
TEST_01615,17
TEST_01616,17
TEST_01617,7
TEST_01618,2
TEST_01619,13
TEST_01620,7
TEST_01621,12
TEST_01622,8
TEST_01623,9
TEST_01624,12
TEST_01625,1
TEST_01626,2
TEST_01627,20
TEST_01628,7
TEST_01629,4
TEST_01630,14
TEST_01631,17
TEST_01632,0
TEST_01633,10
TEST_01634,14
TEST_01635,4
TEST_01636,1
TEST_01637,19
TEST_01638,15
TEST_01639,12
TEST_01640,6
TEST_01641,4
TEST_01642,13
TEST_01643,12
TEST_01644,18
TEST_01645,6
TEST_01646,2
TEST_01647,10
TEST_01648,11
TEST_01649,3
TEST_01650,19
TEST_01651,3
TEST_01652,7
TEST_01653,20
TEST_01654,7
TEST_01655,20
TEST_01656,5
TEST_01657,7
TEST_01658,7
TEST_01659,0
TEST_01660,0
TEST_01661,0
TEST_01662,2
TEST_01663,13
TEST_01664,20
TEST_01665,14
TEST_01666,12
TEST_01667,18
TEST_01668,1
TEST_01669,1
TEST_01670,16
TEST_01671,15
TEST_01672,18
TEST_01673,3
TEST_01674,15
TEST_01675,1
TEST_01676,19
TEST_01677,5
TEST_01678,12
TEST_01679,7
TEST_01680,3
TEST_01681,5
TEST_01682,19
TEST_01683,14
TEST_01684,14
TEST_01685,5
TEST_01686,1
TEST_01687,3
TEST_01688,14
TEST_01689,19
TEST_01690,12
TEST_01691,6
TEST_01692,14
TEST_01693,10
TEST_01694,2
TEST_01695,8
TEST_01696,9
TEST_01697,18
TEST_01698,2
TEST_01699,20
TEST_01700,18
TEST_01701,0
TEST_01702,0
TEST_01703,2
TEST_01704,13
TEST_01705,20
TEST_01706,8
TEST_01707,0
TEST_01708,9
TEST_01709,3
TEST_01710,15
TEST_01711,4
TEST_01712,0
TEST_01713,19
TEST_01714,7
TEST_01715,15
TEST_01716,3
TEST_01717,8
TEST_01718,11
TEST_01719,3
TEST_01720,2
TEST_01721,19
TEST_01722,10
TEST_01723,3
TEST_01724,11
TEST_01725,5
TEST_01726,9
TEST_01727,12
TEST_01728,16
TEST_01729,18
TEST_01730,3
TEST_01731,14
TEST_01732,0
TEST_01733,12
TEST_01734,16
TEST_01735,9
TEST_01736,16
TEST_01737,1
TEST_01738,16
TEST_01739,3
TEST_01740,15
TEST_01741,18
TEST_01742,6
TEST_01743,13
TEST_01744,17
TEST_01745,8
TEST_01746,1
TEST_01747,10
TEST_01748,9
TEST_01749,1
TEST_01750,18
TEST_01751,0
TEST_01752,3
TEST_01753,13
TEST_01754,17
TEST_01755,15
TEST_01756,14
TEST_01757,7
TEST_01758,8
TEST_01759,12
TEST_01760,14
TEST_01761,0
TEST_01762,15
TEST_01763,5
TEST_01764,14
TEST_01765,0
TEST_01766,17
TEST_01767,6
TEST_01768,19
TEST_01769,17
TEST_01770,12
TEST_01771,19
TEST_01772,13
TEST_01773,5
TEST_01774,1
TEST_01775,10
TEST_01776,14
TEST_01777,6
TEST_01778,3
TEST_01779,14
TEST_01780,7
TEST_01781,12
TEST_01782,3
TEST_01783,15
TEST_01784,9
TEST_01785,4
TEST_01786,6
TEST_01787,18
TEST_01788,0
TEST_01789,12
TEST_01790,13
TEST_01791,14
TEST_01792,15
TEST_01793,11
TEST_01794,2
TEST_01795,4
TEST_01796,13
TEST_01797,2
TEST_01798,8
TEST_01799,15
TEST_01800,2
TEST_01801,20
TEST_01802,16
TEST_01803,4
TEST_01804,8
TEST_01805,3
TEST_01806,5
TEST_01807,20
TEST_01808,1
TEST_01809,20
TEST_01810,19
TEST_01811,17
TEST_01812,9
TEST_01813,11
TEST_01814,3
TEST_01815,17
TEST_01816,9
TEST_01817,3
TEST_01818,0
TEST_01819,7
TEST_01820,13
TEST_01821,14
TEST_01822,9
TEST_01823,6
TEST_01824,4
TEST_01825,7
TEST_01826,10
TEST_01827,20
TEST_01828,9
TEST_01829,10
TEST_01830,15
TEST_01831,17
TEST_01832,17
TEST_01833,14
TEST_01834,20
TEST_01835,0
TEST_01836,6
TEST_01837,8
TEST_01838,0
TEST_01839,12
TEST_01840,11
TEST_01841,20
TEST_01842,13
TEST_01843,9
TEST_01844,8
TEST_01845,2
TEST_01846,15
TEST_01847,0
TEST_01848,9
TEST_01849,6
TEST_01850,16
TEST_01851,15
TEST_01852,11
TEST_01853,17
TEST_01854,0
TEST_01855,10
TEST_01856,3
TEST_01857,20
TEST_01858,10
TEST_01859,10
TEST_01860,7
TEST_01861,15
TEST_01862,7
TEST_01863,8
TEST_01864,18
TEST_01865,8
TEST_01866,13
TEST_01867,2
TEST_01868,15
TEST_01869,11
TEST_01870,12
TEST_01871,14
TEST_01872,1
TEST_01873,1
TEST_01874,7
TEST_01875,8
TEST_01876,7
TEST_01877,19
TEST_01878,13
TEST_01879,6
TEST_01880,5
TEST_01881,17
TEST_01882,10
TEST_01883,11
TEST_01884,20
TEST_01885,9
TEST_01886,2
TEST_01887,5
TEST_01888,20
TEST_01889,10
TEST_01890,20
TEST_01891,5
TEST_01892,11
TEST_01893,13
TEST_01894,5
TEST_01895,7
TEST_01896,12
TEST_01897,8
TEST_01898,17
TEST_01899,20
TEST_01900,0
TEST_01901,10
TEST_01902,6
TEST_01903,15
TEST_01904,5
TEST_01905,16
TEST_01906,19
TEST_01907,5
TEST_01908,1
TEST_01909,20
TEST_01910,19
TEST_01911,3
TEST_01912,13
TEST_01913,12
TEST_01914,0
TEST_01915,19
TEST_01916,2
TEST_01917,19
TEST_01918,11
TEST_01919,10
TEST_01920,20
TEST_01921,5
TEST_01922,1
TEST_01923,19
TEST_01924,3
TEST_01925,13
TEST_01926,2
TEST_01927,16
TEST_01928,9
TEST_01929,16
TEST_01930,18
TEST_01931,7
TEST_01932,5
TEST_01933,1
TEST_01934,13
TEST_01935,15
TEST_01936,16
TEST_01937,10
TEST_01938,9
TEST_01939,5
TEST_01940,5
TEST_01941,1
TEST_01942,12
TEST_01943,2
TEST_01944,8
TEST_01945,20
TEST_01946,14
TEST_01947,9
TEST_01948,3
TEST_01949,6
TEST_01950,1
TEST_01951,3
TEST_01952,2
TEST_01953,0
TEST_01954,18
TEST_01955,15
TEST_01956,19
TEST_01957,9
TEST_01958,12
TEST_01959,14
TEST_01960,15
TEST_01961,12
TEST_01962,17
TEST_01963,20
TEST_01964,4
TEST_01965,15
TEST_01966,16
TEST_01967,15
TEST_01968,6
TEST_01969,6
TEST_01970,8
TEST_01971,14
TEST_01972,11
TEST_01973,20
TEST_01974,0
TEST_01975,8
TEST_01976,2
TEST_01977,3
TEST_01978,10
TEST_01979,9
TEST_01980,17
TEST_01981,19
TEST_01982,11
TEST_01983,13
TEST_01984,17
TEST_01985,9
TEST_01986,5
TEST_01987,3
TEST_01988,17
TEST_01989,12
TEST_01990,3
TEST_01991,20
TEST_01992,12
TEST_01993,1
TEST_01994,1
TEST_01995,15
TEST_01996,9
TEST_01997,6
TEST_01998,19
TEST_01999,10
TEST_02000,4
TEST_02001,14
TEST_02002,7
TEST_02003,19
TEST_02004,5
TEST_02005,13
TEST_02006,14
TEST_02007,15
TEST_02008,9
TEST_02009,1
TEST_02010,18
TEST_02011,8
TEST_02012,11
TEST_02013,0
TEST_02014,15
TEST_02015,14
TEST_02016,6
TEST_02017,19
TEST_02018,16
TEST_02019,8
TEST_02020,9
TEST_02021,10
TEST_02022,10
TEST_02023,19
TEST_02024,10
TEST_02025,6
TEST_02026,10
TEST_02027,10
TEST_02028,14
TEST_02029,19
TEST_02030,17
TEST_02031,16
TEST_02032,11
TEST_02033,18
TEST_02034,14
TEST_02035,15
TEST_02036,18
TEST_02037,18
TEST_02038,18
TEST_02039,3
TEST_02040,5
TEST_02041,12
TEST_02042,3
TEST_02043,6
TEST_02044,18
TEST_02045,15
TEST_02046,20
TEST_02047,18
TEST_02048,7
TEST_02049,18
TEST_02050,7
TEST_02051,15
TEST_02052,18
TEST_02053,15
TEST_02054,19
TEST_02055,18
TEST_02056,16
TEST_02057,6
TEST_02058,15
TEST_02059,12
TEST_02060,2
TEST_02061,1
TEST_02062,2
TEST_02063,7
TEST_02064,16
TEST_02065,1
TEST_02066,16
TEST_02067,4
TEST_02068,17
TEST_02069,4
TEST_02070,19
TEST_02071,17
TEST_02072,0
TEST_02073,6
TEST_02074,9
TEST_02075,5
TEST_02076,1
TEST_02077,19
TEST_02078,15
TEST_02079,17
TEST_02080,1
TEST_02081,8
TEST_02082,3
TEST_02083,13
TEST_02084,1
TEST_02085,6
TEST_02086,9
TEST_02087,13
TEST_02088,7
TEST_02089,3
TEST_02090,3
TEST_02091,12
TEST_02092,18
TEST_02093,6
TEST_02094,20
TEST_02095,6
TEST_02096,13
TEST_02097,8
TEST_02098,10
TEST_02099,8
TEST_02100,2
TEST_02101,4
TEST_02102,13
TEST_02103,13
TEST_02104,9
TEST_02105,4
TEST_02106,18
TEST_02107,7
TEST_02108,3
TEST_02109,3
TEST_02110,9
TEST_02111,15
TEST_02112,7
TEST_02113,15
TEST_02114,15
TEST_02115,4
TEST_02116,12
TEST_02117,8
TEST_02118,10
TEST_02119,1
TEST_02120,3
TEST_02121,19
TEST_02122,8
TEST_02123,17
TEST_02124,20
TEST_02125,5
TEST_02126,18
TEST_02127,2
TEST_02128,4
TEST_02129,15
TEST_02130,9
TEST_02131,16
TEST_02132,11
TEST_02133,7
TEST_02134,11
TEST_02135,10
TEST_02136,9
TEST_02137,16
TEST_02138,0
TEST_02139,14
TEST_02140,10
TEST_02141,10
TEST_02142,20
TEST_02143,9
TEST_02144,5
TEST_02145,4
TEST_02146,13
TEST_02147,14
TEST_02148,7
TEST_02149,14
TEST_02150,11
TEST_02151,10
TEST_02152,14
TEST_02153,8
TEST_02154,5
TEST_02155,13
TEST_02156,7
TEST_02157,17
TEST_02158,15
TEST_02159,15
TEST_02160,4
TEST_02161,15
TEST_02162,19
TEST_02163,20
TEST_02164,1
TEST_02165,8
TEST_02166,7
TEST_02167,5
TEST_02168,19
TEST_02169,6
TEST_02170,3
TEST_02171,18
TEST_02172,0
TEST_02173,10
TEST_02174,12
TEST_02175,18
TEST_02176,19
TEST_02177,17
TEST_02178,5
TEST_02179,7
TEST_02180,11
TEST_02181,16
TEST_02182,20
TEST_02183,5
TEST_02184,1
TEST_02185,13
TEST_02186,3
TEST_02187,9
TEST_02188,14
TEST_02189,15
TEST_02190,1
TEST_02191,7
TEST_02192,19
TEST_02193,3
TEST_02194,7
TEST_02195,7
TEST_02196,11
TEST_02197,17
TEST_02198,17
TEST_02199,0
TEST_02200,10
TEST_02201,13
TEST_02202,17
TEST_02203,20
TEST_02204,2
TEST_02205,5
TEST_02206,8
TEST_02207,6
TEST_02208,8
TEST_02209,3
TEST_02210,9
TEST_02211,3
TEST_02212,11
TEST_02213,5
TEST_02214,14
TEST_02215,2
TEST_02216,7
TEST_02217,3
TEST_02218,11
TEST_02219,1
TEST_02220,7
TEST_02221,3
TEST_02222,7
TEST_02223,3
TEST_02224,13
TEST_02225,3
TEST_02226,0
TEST_02227,14
TEST_02228,14
TEST_02229,11
TEST_02230,13
TEST_02231,11
TEST_02232,0
TEST_02233,8
TEST_02234,7
TEST_02235,18
TEST_02236,8
TEST_02237,6
TEST_02238,17
TEST_02239,0
TEST_02240,8
TEST_02241,16
TEST_02242,1
TEST_02243,0
TEST_02244,11
TEST_02245,18
TEST_02246,1
TEST_02247,0
TEST_02248,20
TEST_02249,20
TEST_02250,7
TEST_02251,2
TEST_02252,11
TEST_02253,13
TEST_02254,15
TEST_02255,12
TEST_02256,3
TEST_02257,11
TEST_02258,4
TEST_02259,0
TEST_02260,14
TEST_02261,13
TEST_02262,6
TEST_02263,7
TEST_02264,7
TEST_02265,5
TEST_02266,8
TEST_02267,4
TEST_02268,2
TEST_02269,13
TEST_02270,16
TEST_02271,17
TEST_02272,13
TEST_02273,17
TEST_02274,3
TEST_02275,7
TEST_02276,17
TEST_02277,13
TEST_02278,2
TEST_02279,4
TEST_02280,7
TEST_02281,16
TEST_02282,3
TEST_02283,8
TEST_02284,13
TEST_02285,0
TEST_02286,2
TEST_02287,12
TEST_02288,18
TEST_02289,19
TEST_02290,1
TEST_02291,9
TEST_02292,0
TEST_02293,12
TEST_02294,1
TEST_02295,7
TEST_02296,17
TEST_02297,3
TEST_02298,20
TEST_02299,8
TEST_02300,10
TEST_02301,13
TEST_02302,12
TEST_02303,1
TEST_02304,5
TEST_02305,5
TEST_02306,16
TEST_02307,15
TEST_02308,2
TEST_02309,6
TEST_02310,10
TEST_02311,3
TEST_02312,6
TEST_02313,4
TEST_02314,18
TEST_02315,3
TEST_02316,17
TEST_02317,2
TEST_02318,5
TEST_02319,17
TEST_02320,1
TEST_02321,17
TEST_02322,7
TEST_02323,8
TEST_02324,8
TEST_02325,8
TEST_02326,20
TEST_02327,9
TEST_02328,2
TEST_02329,11
TEST_02330,8
TEST_02331,0
TEST_02332,0
TEST_02333,8
TEST_02334,5
TEST_02335,9
TEST_02336,6
TEST_02337,8
TEST_02338,11
TEST_02339,16
TEST_02340,5
TEST_02341,14
TEST_02342,12
TEST_02343,14
TEST_02344,20
TEST_02345,11
TEST_02346,20
TEST_02347,16
TEST_02348,11
TEST_02349,20
TEST_02350,17
TEST_02351,6
TEST_02352,10
TEST_02353,2
TEST_02354,3
TEST_02355,0
TEST_02356,10
TEST_02357,16
TEST_02358,8
TEST_02359,11
TEST_02360,15
TEST_02361,14
TEST_02362,9
TEST_02363,10
TEST_02364,3
TEST_02365,2
TEST_02366,9
TEST_02367,12
TEST_02368,4
TEST_02369,11
TEST_02370,12
TEST_02371,18
TEST_02372,17
TEST_02373,11
TEST_02374,1
TEST_02375,5
TEST_02376,18
TEST_02377,18
TEST_02378,2
TEST_02379,12
TEST_02380,3
TEST_02381,9
TEST_02382,10
TEST_02383,10
TEST_02384,15
TEST_02385,14
TEST_02386,3
TEST_02387,1
TEST_02388,16
TEST_02389,0
TEST_02390,1
TEST_02391,9
TEST_02392,18
TEST_02393,3
TEST_02394,11
TEST_02395,20
TEST_02396,15
TEST_02397,2
TEST_02398,14
TEST_02399,8
TEST_02400,5
TEST_02401,17
TEST_02402,12
TEST_02403,5
TEST_02404,0
TEST_02405,0
TEST_02406,19
TEST_02407,13
TEST_02408,4
TEST_02409,11
TEST_02410,10
TEST_02411,7
TEST_02412,2
TEST_02413,13
TEST_02414,10
TEST_02415,20
TEST_02416,9
TEST_02417,13
TEST_02418,0
TEST_02419,0
TEST_02420,15
TEST_02421,7
TEST_02422,20
TEST_02423,11
TEST_02424,11
TEST_02425,6
TEST_02426,4
TEST_02427,12
TEST_02428,8
TEST_02429,8
TEST_02430,4
TEST_02431,7
TEST_02432,11
TEST_02433,12
TEST_02434,10
TEST_02435,2
TEST_02436,10
TEST_02437,9
TEST_02438,14
TEST_02439,13
TEST_02440,11
TEST_02441,11
TEST_02442,16
TEST_02443,19
TEST_02444,13
TEST_02445,10
TEST_02446,10
TEST_02447,0
TEST_02448,2
TEST_02449,7
TEST_02450,7
TEST_02451,18
TEST_02452,6
TEST_02453,18
TEST_02454,20
TEST_02455,16
TEST_02456,5
TEST_02457,5
TEST_02458,8
TEST_02459,18
TEST_02460,17
TEST_02461,6
TEST_02462,9
TEST_02463,17
TEST_02464,13
TEST_02465,15
TEST_02466,1
TEST_02467,8
TEST_02468,1
TEST_02469,16
TEST_02470,15
TEST_02471,9
TEST_02472,17
TEST_02473,7
TEST_02474,11
TEST_02475,20
TEST_02476,5
TEST_02477,12
TEST_02478,0
TEST_02479,14
TEST_02480,6
TEST_02481,19
TEST_02482,13
TEST_02483,16
TEST_02484,1
TEST_02485,18
TEST_02486,12
TEST_02487,20
TEST_02488,20
TEST_02489,0
TEST_02490,1
TEST_02491,13
TEST_02492,0
TEST_02493,2
TEST_02494,12
TEST_02495,1
TEST_02496,4
TEST_02497,12
TEST_02498,2
TEST_02499,10
TEST_02500,5
TEST_02501,12
TEST_02502,20
TEST_02503,14
TEST_02504,6
TEST_02505,8
TEST_02506,7
TEST_02507,17
TEST_02508,16
TEST_02509,11
TEST_02510,1
TEST_02511,19
TEST_02512,20
TEST_02513,7
TEST_02514,0
TEST_02515,0
TEST_02516,0
TEST_02517,3
TEST_02518,15
TEST_02519,1
TEST_02520,19
TEST_02521,15
TEST_02522,15
TEST_02523,12
TEST_02524,19
TEST_02525,18
TEST_02526,15
TEST_02527,12
TEST_02528,0
TEST_02529,17
TEST_02530,10
TEST_02531,11
TEST_02532,19
TEST_02533,18
TEST_02534,2
TEST_02535,19
TEST_02536,4
TEST_02537,17
TEST_02538,15
TEST_02539,14
TEST_02540,7
TEST_02541,3
TEST_02542,17
TEST_02543,6
TEST_02544,0
TEST_02545,5
TEST_02546,15
TEST_02547,3
TEST_02548,7
TEST_02549,5
TEST_02550,13
TEST_02551,9
TEST_02552,6
TEST_02553,13
TEST_02554,1
TEST_02555,3
TEST_02556,15
TEST_02557,16
TEST_02558,20
TEST_02559,1
TEST_02560,0
TEST_02561,18
TEST_02562,7
TEST_02563,13
TEST_02564,12
TEST_02565,2
TEST_02566,19
TEST_02567,15
TEST_02568,10
TEST_02569,19
TEST_02570,10
TEST_02571,6
TEST_02572,7
TEST_02573,9
TEST_02574,19
TEST_02575,14
TEST_02576,17
TEST_02577,6
TEST_02578,5
TEST_02579,20
TEST_02580,18
TEST_02581,20
TEST_02582,14
TEST_02583,7
TEST_02584,8
TEST_02585,10
TEST_02586,2
TEST_02587,10
TEST_02588,19
TEST_02589,17
TEST_02590,11
TEST_02591,8
TEST_02592,10
TEST_02593,15
TEST_02594,13
TEST_02595,6
TEST_02596,9
TEST_02597,11
TEST_02598,5
TEST_02599,14
TEST_02600,13
TEST_02601,6
TEST_02602,8
TEST_02603,1
TEST_02604,19
TEST_02605,3
TEST_02606,0
TEST_02607,5
TEST_02608,8
TEST_02609,9
TEST_02610,18
TEST_02611,18
TEST_02612,3
TEST_02613,5
TEST_02614,8
TEST_02615,19
TEST_02616,14
TEST_02617,0
TEST_02618,13
TEST_02619,13
TEST_02620,12
TEST_02621,4
TEST_02622,6
TEST_02623,12
TEST_02624,0
TEST_02625,10
TEST_02626,0
TEST_02627,0
TEST_02628,2
TEST_02629,16
TEST_02630,7
TEST_02631,7
TEST_02632,19
TEST_02633,16
TEST_02634,20
TEST_02635,13
TEST_02636,5
TEST_02637,1
TEST_02638,9
TEST_02639,9
TEST_02640,12
TEST_02641,16
TEST_02642,18
TEST_02643,5
TEST_02644,7
TEST_02645,19
TEST_02646,1
TEST_02647,5
TEST_02648,10
TEST_02649,2
TEST_02650,8
TEST_02651,12
TEST_02652,17
TEST_02653,8
TEST_02654,2
TEST_02655,20
TEST_02656,20
TEST_02657,14
TEST_02658,3
TEST_02659,11
TEST_02660,8
TEST_02661,10
TEST_02662,17
TEST_02663,20
TEST_02664,7
TEST_02665,13
TEST_02666,9
TEST_02667,14
TEST_02668,1
TEST_02669,8
TEST_02670,20
TEST_02671,17
TEST_02672,2
TEST_02673,14
TEST_02674,9
TEST_02675,12
TEST_02676,10
TEST_02677,15
TEST_02678,18
TEST_02679,16
TEST_02680,9
TEST_02681,11
TEST_02682,7
TEST_02683,15
TEST_02684,3
TEST_02685,10
TEST_02686,9
TEST_02687,10
TEST_02688,9
TEST_02689,19
TEST_02690,11
TEST_02691,13
TEST_02692,3
TEST_02693,13
TEST_02694,13
TEST_02695,6
TEST_02696,10
TEST_02697,16
TEST_02698,9
TEST_02699,11
TEST_02700,0
TEST_02701,2
TEST_02702,18
TEST_02703,20
TEST_02704,6
TEST_02705,7
TEST_02706,16
TEST_02707,9
TEST_02708,11
TEST_02709,17
TEST_02710,8
TEST_02711,6
TEST_02712,4
TEST_02713,8
TEST_02714,10
TEST_02715,8
TEST_02716,10
TEST_02717,20
TEST_02718,8
TEST_02719,19
TEST_02720,5
TEST_02721,7
TEST_02722,7
TEST_02723,15
TEST_02724,8
TEST_02725,4
TEST_02726,9
TEST_02727,14
TEST_02728,16
TEST_02729,2
TEST_02730,20
TEST_02731,4
TEST_02732,3
TEST_02733,3
TEST_02734,12
TEST_02735,5
TEST_02736,1
TEST_02737,7
TEST_02738,9
TEST_02739,0
TEST_02740,12
TEST_02741,9
TEST_02742,17
TEST_02743,8
TEST_02744,3
TEST_02745,19
TEST_02746,9
TEST_02747,2
TEST_02748,11
TEST_02749,10
TEST_02750,11
TEST_02751,6
TEST_02752,18
TEST_02753,13
TEST_02754,10
TEST_02755,19
TEST_02756,9
TEST_02757,16
TEST_02758,11
TEST_02759,3
TEST_02760,15
TEST_02761,17
TEST_02762,0
TEST_02763,10
TEST_02764,8
TEST_02765,16
TEST_02766,6
TEST_02767,10
TEST_02768,18
TEST_02769,8
TEST_02770,10
TEST_02771,0
TEST_02772,20
TEST_02773,4
TEST_02774,8
TEST_02775,16
TEST_02776,7
TEST_02777,10
TEST_02778,3
TEST_02779,10
TEST_02780,4
TEST_02781,13
TEST_02782,13
TEST_02783,20
TEST_02784,15
TEST_02785,5
TEST_02786,8
TEST_02787,5
TEST_02788,12
TEST_02789,1
TEST_02790,12
TEST_02791,0
TEST_02792,19
TEST_02793,13
TEST_02794,18
TEST_02795,4
TEST_02796,2
TEST_02797,13
TEST_02798,17
TEST_02799,2
TEST_02800,0
TEST_02801,10
TEST_02802,14
TEST_02803,15
TEST_02804,12
TEST_02805,7
TEST_02806,18
TEST_02807,13
TEST_02808,5
TEST_02809,18
TEST_02810,0
TEST_02811,11
TEST_02812,13
TEST_02813,5
TEST_02814,10
TEST_02815,5
TEST_02816,13
TEST_02817,3
TEST_02818,14
TEST_02819,13
TEST_02820,0
TEST_02821,4
TEST_02822,2
TEST_02823,6
TEST_02824,9
TEST_02825,1
TEST_02826,19
TEST_02827,16
TEST_02828,20
TEST_02829,9
TEST_02830,4
TEST_02831,4
TEST_02832,7
TEST_02833,3
TEST_02834,11
TEST_02835,4
TEST_02836,11
TEST_02837,17
TEST_02838,3
TEST_02839,4
TEST_02840,3
TEST_02841,1
TEST_02842,18
TEST_02843,0
TEST_02844,7
TEST_02845,19
TEST_02846,14
TEST_02847,1
TEST_02848,5
TEST_02849,13
TEST_02850,10
TEST_02851,16
TEST_02852,6
TEST_02853,15
TEST_02854,13
TEST_02855,12
TEST_02856,2
TEST_02857,4
TEST_02858,20
TEST_02859,7
TEST_02860,15
TEST_02861,15
TEST_02862,16
TEST_02863,12
TEST_02864,12
TEST_02865,4
TEST_02866,5
TEST_02867,18
TEST_02868,20
TEST_02869,2
TEST_02870,8
TEST_02871,12
TEST_02872,13
TEST_02873,8
TEST_02874,3
TEST_02875,8
TEST_02876,4
TEST_02877,10
TEST_02878,0
TEST_02879,16
TEST_02880,10
TEST_02881,17
TEST_02882,15
TEST_02883,8
TEST_02884,11
TEST_02885,3
TEST_02886,4
TEST_02887,10
TEST_02888,14
TEST_02889,17
TEST_02890,13
TEST_02891,13
TEST_02892,6
TEST_02893,13
TEST_02894,12
TEST_02895,9
TEST_02896,6
TEST_02897,5
TEST_02898,2
TEST_02899,16
TEST_02900,3
TEST_02901,12
TEST_02902,9
TEST_02903,13
TEST_02904,10
TEST_02905,13
TEST_02906,0
TEST_02907,3
TEST_02908,8
TEST_02909,0
TEST_02910,8
TEST_02911,10
TEST_02912,0
TEST_02913,7
TEST_02914,20
TEST_02915,3
TEST_02916,3
TEST_02917,13
TEST_02918,11
TEST_02919,0
TEST_02920,5
TEST_02921,4
TEST_02922,3
TEST_02923,1
TEST_02924,16
TEST_02925,10
TEST_02926,1
TEST_02927,19
TEST_02928,16
TEST_02929,19
TEST_02930,3
TEST_02931,1
TEST_02932,5
TEST_02933,10
TEST_02934,8
TEST_02935,19
TEST_02936,16
TEST_02937,1
TEST_02938,15
TEST_02939,15
TEST_02940,11
TEST_02941,10
TEST_02942,19
TEST_02943,12
TEST_02944,6
TEST_02945,15
TEST_02946,8
TEST_02947,11
TEST_02948,9
TEST_02949,9
TEST_02950,18
TEST_02951,8
TEST_02952,4
TEST_02953,3
TEST_02954,11
TEST_02955,8
TEST_02956,14
TEST_02957,13
TEST_02958,17
TEST_02959,19
TEST_02960,7
TEST_02961,2
TEST_02962,10
TEST_02963,5
TEST_02964,3
TEST_02965,7
TEST_02966,2
TEST_02967,6
TEST_02968,8
TEST_02969,17
TEST_02970,13
TEST_02971,14
TEST_02972,16
TEST_02973,1
TEST_02974,0
TEST_02975,18
TEST_02976,15
TEST_02977,20
TEST_02978,14
TEST_02979,13
TEST_02980,15
TEST_02981,17
TEST_02982,8
TEST_02983,9
TEST_02984,18
TEST_02985,3
TEST_02986,13
TEST_02987,12
TEST_02988,14
TEST_02989,13
TEST_02990,15
TEST_02991,8
TEST_02992,8
TEST_02993,6
TEST_02994,5
TEST_02995,8
TEST_02996,9
TEST_02997,1
TEST_02998,4
TEST_02999,5
TEST_03000,7
TEST_03001,3
TEST_03002,19
TEST_03003,17
TEST_03004,19
TEST_03005,14
TEST_03006,14
TEST_03007,11
TEST_03008,17
TEST_03009,8
TEST_03010,10
TEST_03011,16
TEST_03012,1
TEST_03013,3
TEST_03014,19
TEST_03015,13
TEST_03016,8
TEST_03017,16
TEST_03018,6
TEST_03019,20
TEST_03020,7
TEST_03021,20
TEST_03022,14
TEST_03023,4
TEST_03024,20
TEST_03025,6
TEST_03026,13
TEST_03027,0
TEST_03028,17
TEST_03029,20
TEST_03030,6
TEST_03031,20
TEST_03032,5
TEST_03033,15
TEST_03034,20
TEST_03035,7
TEST_03036,5
TEST_03037,19
TEST_03038,16
TEST_03039,4
TEST_03040,4
TEST_03041,11
TEST_03042,5
TEST_03043,10
TEST_03044,16
TEST_03045,14
TEST_03046,0
TEST_03047,4
TEST_03048,0
TEST_03049,7
TEST_03050,17
TEST_03051,14
TEST_03052,10
TEST_03053,2
TEST_03054,16
TEST_03055,19
TEST_03056,1
TEST_03057,5
TEST_03058,15
TEST_03059,18
TEST_03060,12
TEST_03061,8
TEST_03062,8
TEST_03063,13
TEST_03064,13
TEST_03065,10
TEST_03066,4
TEST_03067,11
TEST_03068,1
TEST_03069,15
TEST_03070,11
TEST_03071,5
TEST_03072,8
TEST_03073,17
TEST_03074,0
TEST_03075,19
TEST_03076,11
TEST_03077,2
TEST_03078,7
TEST_03079,10
TEST_03080,5
TEST_03081,2
TEST_03082,17
TEST_03083,10
TEST_03084,18
TEST_03085,18
TEST_03086,3
TEST_03087,19
TEST_03088,3
TEST_03089,16
TEST_03090,7
TEST_03091,6
TEST_03092,1
TEST_03093,5
TEST_03094,10
TEST_03095,13
TEST_03096,1
TEST_03097,6
TEST_03098,9
TEST_03099,9
TEST_03100,17
TEST_03101,17
TEST_03102,7
TEST_03103,12
TEST_03104,9
TEST_03105,9
TEST_03106,19
TEST_03107,19
TEST_03108,10
TEST_03109,17
TEST_03110,12
TEST_03111,19
TEST_03112,8
TEST_03113,17
TEST_03114,15
TEST_03115,20
TEST_03116,1
TEST_03117,16
TEST_03118,0
TEST_03119,5
TEST_03120,0
TEST_03121,9
TEST_03122,8
TEST_03123,0
TEST_03124,18
TEST_03125,10
TEST_03126,20
TEST_03127,10
TEST_03128,14
TEST_03129,9
TEST_03130,12
TEST_03131,7
TEST_03132,0
TEST_03133,7
TEST_03134,14
TEST_03135,1
TEST_03136,14
TEST_03137,3
TEST_03138,7
TEST_03139,4
TEST_03140,5
TEST_03141,17
TEST_03142,14
TEST_03143,20
TEST_03144,19
TEST_03145,4
TEST_03146,3
TEST_03147,7
TEST_03148,16
TEST_03149,16
TEST_03150,11
TEST_03151,0
TEST_03152,12
TEST_03153,5
TEST_03154,16
TEST_03155,15
TEST_03156,17
TEST_03157,5
TEST_03158,13
TEST_03159,9
TEST_03160,10
TEST_03161,8
TEST_03162,17
TEST_03163,19
TEST_03164,8
TEST_03165,9
TEST_03166,18
TEST_03167,3
TEST_03168,4
TEST_03169,16
TEST_03170,1
TEST_03171,1
TEST_03172,2
TEST_03173,7
TEST_03174,20
TEST_03175,3
TEST_03176,10
TEST_03177,19
TEST_03178,7
TEST_03179,17
TEST_03180,19
TEST_03181,2
TEST_03182,6
TEST_03183,14
TEST_03184,3
TEST_03185,11
TEST_03186,14
TEST_03187,13
TEST_03188,15
TEST_03189,5
TEST_03190,4
TEST_03191,0
TEST_03192,17
TEST_03193,11
TEST_03194,7
TEST_03195,4
TEST_03196,5
TEST_03197,13
TEST_03198,7
TEST_03199,8
TEST_03200,6
TEST_03201,19
TEST_03202,12
TEST_03203,2
TEST_03204,4
TEST_03205,16
TEST_03206,19
TEST_03207,18
TEST_03208,7
TEST_03209,14
TEST_03210,6
TEST_03211,13
TEST_03212,5
TEST_03213,3
TEST_03214,12
TEST_03215,18
TEST_03216,11
TEST_03217,0
TEST_03218,3
TEST_03219,9
TEST_03220,1
TEST_03221,19
TEST_03222,5
TEST_03223,11
TEST_03224,0
TEST_03225,14
TEST_03226,9
TEST_03227,11
TEST_03228,4
TEST_03229,17
TEST_03230,20
TEST_03231,8
TEST_03232,12
TEST_03233,3
TEST_03234,19
TEST_03235,6
TEST_03236,9
TEST_03237,4
TEST_03238,15
TEST_03239,19
TEST_03240,12
TEST_03241,13
TEST_03242,16
TEST_03243,11
TEST_03244,9
TEST_03245,0
TEST_03246,4
TEST_03247,9
TEST_03248,12
TEST_03249,6
TEST_03250,6
TEST_03251,10
TEST_03252,3
TEST_03253,6
TEST_03254,19
TEST_03255,2
TEST_03256,1
TEST_03257,18
TEST_03258,8
TEST_03259,15
TEST_03260,12
TEST_03261,3
TEST_03262,15
TEST_03263,17
TEST_03264,16
TEST_03265,10
TEST_03266,0
TEST_03267,5
TEST_03268,10
TEST_03269,9
TEST_03270,2
TEST_03271,19
TEST_03272,0
TEST_03273,6
TEST_03274,6
TEST_03275,19
TEST_03276,13
TEST_03277,15
TEST_03278,2
TEST_03279,5
TEST_03280,15
TEST_03281,19
TEST_03282,8
TEST_03283,10
TEST_03284,16
TEST_03285,14
TEST_03286,17
TEST_03287,12
TEST_03288,2
TEST_03289,2
TEST_03290,5
TEST_03291,3
TEST_03292,18
TEST_03293,0
TEST_03294,0
TEST_03295,8
TEST_03296,14
TEST_03297,0
TEST_03298,0
TEST_03299,3
TEST_03300,20
TEST_03301,12
TEST_03302,20
TEST_03303,8
TEST_03304,15
TEST_03305,4
TEST_03306,5
TEST_03307,9
TEST_03308,1
TEST_03309,16
TEST_03310,12
TEST_03311,11
TEST_03312,20
TEST_03313,17
TEST_03314,2
TEST_03315,1
TEST_03316,12
TEST_03317,13
TEST_03318,19
TEST_03319,3
TEST_03320,5
TEST_03321,10
TEST_03322,19
TEST_03323,0
TEST_03324,0
TEST_03325,0
TEST_03326,19
TEST_03327,17
TEST_03328,3
TEST_03329,2
TEST_03330,9
TEST_03331,7
TEST_03332,7
TEST_03333,13
TEST_03334,20
TEST_03335,3
TEST_03336,11
TEST_03337,1
TEST_03338,5
TEST_03339,13
TEST_03340,13
TEST_03341,2
TEST_03342,16
TEST_03343,0
TEST_03344,16
TEST_03345,13
TEST_03346,8
TEST_03347,16
TEST_03348,0
TEST_03349,14
TEST_03350,10
TEST_03351,6
TEST_03352,7
TEST_03353,7
TEST_03354,5
TEST_03355,19
TEST_03356,14
TEST_03357,6
TEST_03358,19
TEST_03359,2
TEST_03360,16
TEST_03361,8
TEST_03362,7
TEST_03363,12
TEST_03364,0
TEST_03365,0
TEST_03366,14
TEST_03367,9
TEST_03368,14
TEST_03369,3
TEST_03370,19
TEST_03371,13
TEST_03372,4
TEST_03373,6
TEST_03374,15
TEST_03375,4
TEST_03376,6
TEST_03377,20
TEST_03378,9
TEST_03379,11
TEST_03380,1
TEST_03381,1
TEST_03382,2
TEST_03383,11
TEST_03384,16
TEST_03385,3
TEST_03386,16
TEST_03387,4
TEST_03388,17
TEST_03389,15
TEST_03390,4
TEST_03391,7
TEST_03392,12
TEST_03393,14
TEST_03394,6
TEST_03395,19
TEST_03396,4
TEST_03397,10
TEST_03398,2
TEST_03399,12
TEST_03400,12
TEST_03401,18
TEST_03402,10
TEST_03403,8
TEST_03404,11
TEST_03405,11
TEST_03406,16
TEST_03407,7
TEST_03408,10
TEST_03409,15
TEST_03410,6
TEST_03411,8
TEST_03412,0
TEST_03413,17
TEST_03414,14
TEST_03415,12
TEST_03416,19
TEST_03417,1
TEST_03418,14
TEST_03419,18
TEST_03420,10
TEST_03421,12
TEST_03422,8
TEST_03423,18
TEST_03424,8
TEST_03425,8
TEST_03426,15
TEST_03427,14
TEST_03428,13
TEST_03429,16
TEST_03430,9
TEST_03431,7
TEST_03432,17
TEST_03433,17
TEST_03434,0
TEST_03435,4
TEST_03436,3
TEST_03437,19
TEST_03438,9
TEST_03439,11
TEST_03440,10
TEST_03441,11
TEST_03442,1
TEST_03443,19
TEST_03444,18
TEST_03445,18
TEST_03446,20
TEST_03447,20
TEST_03448,11
TEST_03449,8
TEST_03450,15
TEST_03451,2
TEST_03452,12
TEST_03453,4
TEST_03454,13
TEST_03455,4
TEST_03456,11
TEST_03457,4
TEST_03458,3
TEST_03459,9
TEST_03460,9
TEST_03461,8
TEST_03462,16
TEST_03463,16
TEST_03464,11
TEST_03465,3
TEST_03466,0
TEST_03467,11
TEST_03468,0
TEST_03469,17
TEST_03470,1
TEST_03471,6
TEST_03472,12
TEST_03473,6
TEST_03474,0
TEST_03475,9
TEST_03476,17
TEST_03477,19
TEST_03478,8
TEST_03479,11
TEST_03480,16
TEST_03481,15
TEST_03482,5
TEST_03483,1
TEST_03484,15
TEST_03485,14
TEST_03486,4
TEST_03487,18
TEST_03488,14
TEST_03489,18
TEST_03490,14
TEST_03491,17
TEST_03492,20
TEST_03493,3
TEST_03494,10
TEST_03495,5
TEST_03496,14
TEST_03497,6
TEST_03498,9
TEST_03499,17
TEST_03500,5
TEST_03501,1
TEST_03502,15
TEST_03503,7
TEST_03504,15
TEST_03505,10
TEST_03506,18
TEST_03507,11
TEST_03508,9
TEST_03509,5
TEST_03510,8
TEST_03511,4
TEST_03512,15
TEST_03513,15
TEST_03514,1
TEST_03515,7
TEST_03516,15
TEST_03517,12
TEST_03518,0
TEST_03519,0
TEST_03520,5
TEST_03521,0
TEST_03522,7
TEST_03523,15
TEST_03524,9
TEST_03525,15
TEST_03526,9
TEST_03527,14
TEST_03528,15
TEST_03529,9
TEST_03530,6
TEST_03531,20
TEST_03532,15
TEST_03533,13
TEST_03534,16
TEST_03535,13
TEST_03536,5
TEST_03537,17
TEST_03538,15
TEST_03539,18
TEST_03540,19
TEST_03541,16
TEST_03542,7
TEST_03543,15
TEST_03544,18
TEST_03545,4
TEST_03546,17
TEST_03547,14
TEST_03548,3
TEST_03549,8
TEST_03550,5
TEST_03551,13
TEST_03552,11
TEST_03553,4
TEST_03554,14
TEST_03555,6
TEST_03556,6
TEST_03557,12
TEST_03558,5
TEST_03559,10
TEST_03560,8
TEST_03561,19
TEST_03562,15
TEST_03563,3
TEST_03564,4
TEST_03565,10
TEST_03566,5
TEST_03567,7
TEST_03568,10
TEST_03569,12
TEST_03570,5
TEST_03571,10
TEST_03572,17
TEST_03573,10
TEST_03574,1
TEST_03575,2
TEST_03576,3
TEST_03577,0
TEST_03578,9
TEST_03579,16
TEST_03580,12
TEST_03581,18
TEST_03582,9
TEST_03583,10
TEST_03584,0
TEST_03585,9
TEST_03586,8
TEST_03587,13
TEST_03588,3
TEST_03589,13
TEST_03590,3
TEST_03591,6
TEST_03592,12
TEST_03593,20
TEST_03594,9
TEST_03595,3
TEST_03596,17
TEST_03597,20
TEST_03598,16
TEST_03599,2
TEST_03600,1
TEST_03601,19
TEST_03602,16
TEST_03603,0
TEST_03604,1
TEST_03605,0
TEST_03606,14
TEST_03607,15
TEST_03608,7
TEST_03609,7
TEST_03610,7
TEST_03611,5
TEST_03612,20
TEST_03613,15
TEST_03614,12
TEST_03615,17
TEST_03616,1
TEST_03617,11
TEST_03618,16
TEST_03619,16
TEST_03620,12
TEST_03621,11
TEST_03622,8
TEST_03623,13
TEST_03624,12
TEST_03625,1
TEST_03626,9
TEST_03627,15
TEST_03628,17
TEST_03629,19
TEST_03630,20
TEST_03631,2
TEST_03632,16
TEST_03633,1
TEST_03634,4
TEST_03635,3
TEST_03636,5
TEST_03637,19
TEST_03638,9
TEST_03639,5
TEST_03640,11
TEST_03641,10
TEST_03642,2
TEST_03643,11
TEST_03644,2
TEST_03645,15
TEST_03646,2
TEST_03647,4
TEST_03648,15
TEST_03649,13
TEST_03650,16
TEST_03651,5
TEST_03652,14
TEST_03653,9
TEST_03654,18
TEST_03655,18
TEST_03656,10
TEST_03657,13
TEST_03658,18
TEST_03659,11
TEST_03660,2
TEST_03661,11
TEST_03662,19
TEST_03663,7
TEST_03664,13
TEST_03665,8
TEST_03666,0
TEST_03667,12
TEST_03668,9
TEST_03669,0
TEST_03670,4
TEST_03671,12
TEST_03672,1
TEST_03673,14
TEST_03674,12
TEST_03675,17
TEST_03676,17
TEST_03677,12
TEST_03678,13
TEST_03679,8
TEST_03680,7
TEST_03681,7
TEST_03682,18
TEST_03683,0
TEST_03684,8
TEST_03685,14
TEST_03686,4
TEST_03687,10
TEST_03688,15
TEST_03689,8
TEST_03690,9
TEST_03691,11
TEST_03692,0
TEST_03693,9
TEST_03694,8
TEST_03695,18
TEST_03696,6
TEST_03697,16
TEST_03698,7
TEST_03699,8
TEST_03700,16
TEST_03701,20
TEST_03702,20
TEST_03703,12
TEST_03704,1
TEST_03705,12
TEST_03706,5
TEST_03707,17
TEST_03708,14
TEST_03709,15
TEST_03710,1
TEST_03711,3
TEST_03712,20
TEST_03713,20
TEST_03714,15
TEST_03715,7
TEST_03716,5
TEST_03717,16
TEST_03718,0
TEST_03719,0
TEST_03720,10
TEST_03721,15
TEST_03722,20
TEST_03723,6
TEST_03724,19
TEST_03725,10
TEST_03726,13
TEST_03727,9
TEST_03728,8
TEST_03729,17
TEST_03730,6
TEST_03731,18
TEST_03732,11
TEST_03733,2
TEST_03734,8
TEST_03735,7
TEST_03736,2
TEST_03737,15
TEST_03738,0
TEST_03739,14
TEST_03740,2
TEST_03741,18
TEST_03742,18
TEST_03743,15
TEST_03744,17
TEST_03745,19
TEST_03746,10
TEST_03747,13
TEST_03748,4
TEST_03749,1
TEST_03750,20
TEST_03751,0
TEST_03752,14
TEST_03753,2
TEST_03754,2
TEST_03755,2
TEST_03756,3
TEST_03757,18
TEST_03758,12
TEST_03759,10
TEST_03760,3
TEST_03761,16
TEST_03762,15
TEST_03763,3
TEST_03764,14
TEST_03765,19
TEST_03766,4
TEST_03767,17
TEST_03768,4
TEST_03769,17
TEST_03770,2
TEST_03771,9
TEST_03772,16
TEST_03773,14
TEST_03774,6
TEST_03775,12
TEST_03776,8
TEST_03777,16
TEST_03778,14
TEST_03779,0
TEST_03780,20
TEST_03781,18
TEST_03782,9
TEST_03783,19
TEST_03784,11
TEST_03785,11
TEST_03786,11
TEST_03787,3
TEST_03788,6
TEST_03789,5
TEST_03790,7
TEST_03791,11
TEST_03792,13
TEST_03793,5
TEST_03794,7
TEST_03795,2
TEST_03796,13
TEST_03797,14
TEST_03798,2
TEST_03799,17
TEST_03800,15
TEST_03801,15
TEST_03802,17
TEST_03803,19
TEST_03804,10
TEST_03805,10
TEST_03806,0
TEST_03807,2
TEST_03808,11
TEST_03809,10
TEST_03810,4
TEST_03811,18
TEST_03812,2
TEST_03813,19
TEST_03814,8
TEST_03815,13
TEST_03816,1
TEST_03817,17
TEST_03818,5
TEST_03819,20
TEST_03820,14
TEST_03821,2
TEST_03822,20
TEST_03823,18
TEST_03824,2
TEST_03825,14
TEST_03826,15
TEST_03827,14
TEST_03828,3
TEST_03829,13
TEST_03830,16
TEST_03831,16
TEST_03832,17
TEST_03833,4
TEST_03834,6
TEST_03835,3
TEST_03836,11
TEST_03837,8
TEST_03838,15
TEST_03839,0
TEST_03840,14
TEST_03841,18
TEST_03842,14
TEST_03843,16
TEST_03844,14
TEST_03845,10
TEST_03846,5
TEST_03847,0
TEST_03848,17
TEST_03849,7
TEST_03850,20
TEST_03851,17
TEST_03852,17
TEST_03853,1
TEST_03854,16
TEST_03855,0
TEST_03856,17
TEST_03857,20
TEST_03858,14
TEST_03859,6
TEST_03860,14
TEST_03861,2
TEST_03862,11
TEST_03863,9
TEST_03864,2
TEST_03865,7
TEST_03866,14
TEST_03867,10
TEST_03868,6
TEST_03869,14
TEST_03870,8
TEST_03871,13
TEST_03872,18
TEST_03873,2
TEST_03874,3
TEST_03875,10
TEST_03876,18
TEST_03877,3
TEST_03878,12
TEST_03879,11
TEST_03880,9
TEST_03881,20
TEST_03882,6
TEST_03883,3
TEST_03884,5
TEST_03885,2
TEST_03886,7
TEST_03887,10
TEST_03888,15
TEST_03889,16
TEST_03890,17
TEST_03891,10
TEST_03892,7
TEST_03893,13
TEST_03894,6
TEST_03895,2
TEST_03896,5
TEST_03897,4
TEST_03898,7
TEST_03899,7
TEST_03900,4
TEST_03901,3
TEST_03902,9
TEST_03903,18
TEST_03904,5
TEST_03905,15
TEST_03906,3
TEST_03907,2
TEST_03908,2
TEST_03909,3
TEST_03910,9
TEST_03911,19
TEST_03912,6
TEST_03913,9
TEST_03914,4
TEST_03915,6
TEST_03916,12
TEST_03917,12
TEST_03918,15
TEST_03919,12
TEST_03920,9
TEST_03921,0
TEST_03922,4
TEST_03923,17
TEST_03924,18
TEST_03925,1
TEST_03926,14
TEST_03927,15
TEST_03928,9
TEST_03929,4
TEST_03930,13
TEST_03931,15
TEST_03932,4
TEST_03933,6
TEST_03934,18
TEST_03935,11
TEST_03936,3
TEST_03937,15
TEST_03938,13
TEST_03939,19
TEST_03940,15
TEST_03941,2
TEST_03942,4
TEST_03943,15
TEST_03944,18
TEST_03945,5
TEST_03946,15
TEST_03947,5
TEST_03948,17
TEST_03949,6
TEST_03950,1
TEST_03951,7
TEST_03952,20
TEST_03953,1
TEST_03954,14
TEST_03955,15
TEST_03956,20
TEST_03957,14
TEST_03958,2
TEST_03959,16
TEST_03960,18
TEST_03961,13
TEST_03962,12
TEST_03963,4
TEST_03964,14
TEST_03965,19
TEST_03966,8
TEST_03967,13
TEST_03968,4
TEST_03969,12
TEST_03970,14
TEST_03971,15
TEST_03972,18
TEST_03973,4
TEST_03974,8
TEST_03975,15
TEST_03976,18
TEST_03977,14
TEST_03978,15
TEST_03979,16
TEST_03980,8
TEST_03981,1
TEST_03982,4
TEST_03983,18
TEST_03984,14
TEST_03985,4
TEST_03986,7
TEST_03987,6
TEST_03988,5
TEST_03989,13
TEST_03990,20
TEST_03991,7
TEST_03992,1
TEST_03993,10
TEST_03994,13
TEST_03995,3
TEST_03996,20
TEST_03997,13
TEST_03998,19
TEST_03999,15
TEST_04000,10
TEST_04001,1
TEST_04002,19
TEST_04003,13
TEST_04004,4
TEST_04005,19
TEST_04006,6
TEST_04007,16
TEST_04008,11
TEST_04009,11
TEST_04010,20
TEST_04011,14
TEST_04012,6
TEST_04013,14
TEST_04014,15
TEST_04015,4
TEST_04016,12
TEST_04017,14
TEST_04018,17
TEST_04019,18
TEST_04020,11
TEST_04021,17
TEST_04022,17
TEST_04023,5
TEST_04024,19
TEST_04025,14
TEST_04026,10
TEST_04027,9
TEST_04028,8
TEST_04029,14
TEST_04030,13
TEST_04031,3
TEST_04032,1
TEST_04033,15
TEST_04034,13
TEST_04035,4
TEST_04036,8
TEST_04037,6
TEST_04038,11
TEST_04039,2
TEST_04040,1
TEST_04041,4
TEST_04042,7
TEST_04043,3
TEST_04044,11
TEST_04045,5
TEST_04046,19
TEST_04047,12
TEST_04048,13
TEST_04049,1
TEST_04050,20
TEST_04051,10
TEST_04052,1
TEST_04053,19
TEST_04054,1
TEST_04055,9
TEST_04056,8
TEST_04057,0
TEST_04058,12
TEST_04059,14
TEST_04060,14
TEST_04061,17
TEST_04062,4
TEST_04063,6
TEST_04064,13
TEST_04065,1
TEST_04066,10
TEST_04067,5
TEST_04068,13
TEST_04069,0
TEST_04070,15
TEST_04071,0
TEST_04072,2
TEST_04073,14
TEST_04074,1
TEST_04075,19
TEST_04076,18
TEST_04077,6
TEST_04078,19
TEST_04079,4
TEST_04080,10
TEST_04081,18
TEST_04082,3
TEST_04083,11
TEST_04084,4
TEST_04085,14
TEST_04086,13
TEST_04087,18
TEST_04088,19
TEST_04089,14
TEST_04090,7
TEST_04091,17
TEST_04092,18
TEST_04093,18
TEST_04094,7
TEST_04095,7
TEST_04096,13
TEST_04097,7
TEST_04098,16
TEST_04099,0
TEST_04100,4
TEST_04101,17
TEST_04102,11
TEST_04103,9
TEST_04104,16
TEST_04105,10
TEST_04106,20
TEST_04107,1
TEST_04108,16
TEST_04109,13
TEST_04110,13
TEST_04111,17
TEST_04112,1
TEST_04113,8
TEST_04114,14
TEST_04115,9
TEST_04116,10
TEST_04117,2
TEST_04118,2
TEST_04119,13
TEST_04120,16
TEST_04121,12
TEST_04122,19
TEST_04123,14
TEST_04124,14
TEST_04125,8
TEST_04126,12
TEST_04127,15
TEST_04128,15
TEST_04129,18
TEST_04130,12
TEST_04131,3
TEST_04132,17
TEST_04133,0
TEST_04134,6
TEST_04135,3
TEST_04136,1
TEST_04137,14
TEST_04138,13
TEST_04139,6
TEST_04140,3
TEST_04141,12
TEST_04142,7
TEST_04143,20
TEST_04144,12
TEST_04145,16
TEST_04146,9
TEST_04147,13
TEST_04148,10
TEST_04149,7
TEST_04150,13
TEST_04151,8
TEST_04152,5
TEST_04153,4
TEST_04154,5
TEST_04155,9
TEST_04156,3
TEST_04157,10
TEST_04158,18
TEST_04159,15
TEST_04160,14
TEST_04161,3
TEST_04162,5
TEST_04163,20
TEST_04164,5
TEST_04165,17
TEST_04166,17
TEST_04167,14
TEST_04168,12
TEST_04169,5
TEST_04170,16
TEST_04171,6
TEST_04172,13
TEST_04173,16
TEST_04174,2
TEST_04175,0
TEST_04176,17
TEST_04177,17
TEST_04178,17
TEST_04179,2
TEST_04180,18
TEST_04181,10
TEST_04182,6
TEST_04183,8
TEST_04184,12
TEST_04185,12
TEST_04186,17
TEST_04187,2
TEST_04188,7
TEST_04189,6
TEST_04190,14
TEST_04191,20
TEST_04192,18
TEST_04193,13
TEST_04194,10
TEST_04195,8
TEST_04196,20
TEST_04197,7
TEST_04198,2
TEST_04199,11
TEST_04200,10
TEST_04201,7
TEST_04202,0
TEST_04203,4
TEST_04204,17
TEST_04205,3
TEST_04206,17
TEST_04207,13
TEST_04208,18
TEST_04209,3
TEST_04210,5
TEST_04211,7
TEST_04212,16
TEST_04213,9
TEST_04214,20
TEST_04215,20
TEST_04216,11
TEST_04217,16
TEST_04218,8
TEST_04219,5
TEST_04220,19
TEST_04221,2
TEST_04222,6
TEST_04223,20
TEST_04224,7
TEST_04225,16
TEST_04226,2
TEST_04227,3
TEST_04228,5
TEST_04229,6
TEST_04230,4
TEST_04231,4
TEST_04232,3
TEST_04233,8
TEST_04234,18
TEST_04235,13
TEST_04236,5
TEST_04237,2
TEST_04238,8
TEST_04239,12
TEST_04240,11
TEST_04241,7
TEST_04242,9
TEST_04243,9
TEST_04244,6
TEST_04245,7
TEST_04246,3
TEST_04247,8
TEST_04248,8
TEST_04249,2
TEST_04250,19
TEST_04251,0
TEST_04252,17
TEST_04253,5
TEST_04254,18
TEST_04255,15
TEST_04256,14
TEST_04257,18
TEST_04258,5
TEST_04259,16
TEST_04260,6
TEST_04261,17
TEST_04262,13
TEST_04263,6
TEST_04264,3
TEST_04265,12
TEST_04266,19
TEST_04267,8
TEST_04268,10
TEST_04269,4
TEST_04270,17
TEST_04271,17
TEST_04272,16
TEST_04273,4
TEST_04274,2
TEST_04275,20
TEST_04276,14
TEST_04277,19
TEST_04278,17
TEST_04279,19
TEST_04280,1
TEST_04281,10
TEST_04282,17
TEST_04283,19
TEST_04284,15
TEST_04285,14
TEST_04286,8
TEST_04287,0
TEST_04288,12
TEST_04289,19
TEST_04290,16
TEST_04291,0
TEST_04292,20
TEST_04293,18
TEST_04294,6
TEST_04295,2
TEST_04296,10
TEST_04297,15
TEST_04298,9
TEST_04299,15
TEST_04300,18
TEST_04301,18
TEST_04302,12
TEST_04303,6
TEST_04304,1
TEST_04305,8
TEST_04306,7
TEST_04307,0
TEST_04308,8
TEST_04309,13
TEST_04310,9
TEST_04311,10
TEST_04312,13
TEST_04313,7
TEST_04314,14
TEST_04315,7
TEST_04316,19
TEST_04317,13
TEST_04318,3
TEST_04319,15
TEST_04320,20
TEST_04321,0
TEST_04322,11
TEST_04323,15
TEST_04324,13
TEST_04325,18
TEST_04326,8
TEST_04327,12
TEST_04328,5
TEST_04329,0
TEST_04330,8
TEST_04331,3
TEST_04332,9
TEST_04333,5
TEST_04334,0
TEST_04335,20
TEST_04336,10
TEST_04337,9
TEST_04338,9
TEST_04339,10
TEST_04340,9
TEST_04341,2
TEST_04342,3
TEST_04343,9
TEST_04344,5
TEST_04345,1
TEST_04346,13
TEST_04347,14
TEST_04348,2
TEST_04349,0
TEST_04350,13
TEST_04351,0
TEST_04352,11
TEST_04353,20
TEST_04354,7
TEST_04355,13
TEST_04356,10
TEST_04357,19
TEST_04358,0
TEST_04359,3
TEST_04360,7
TEST_04361,14
TEST_04362,20
TEST_04363,12
TEST_04364,9
TEST_04365,1
TEST_04366,8
TEST_04367,20
TEST_04368,4
TEST_04369,15
TEST_04370,4
TEST_04371,11
TEST_04372,14
TEST_04373,4
TEST_04374,15
TEST_04375,18
TEST_04376,2
TEST_04377,18
TEST_04378,15
TEST_04379,4
TEST_04380,20
TEST_04381,9
TEST_04382,18
TEST_04383,16
TEST_04384,18
TEST_04385,7
TEST_04386,17
TEST_04387,13
TEST_04388,8
TEST_04389,1
TEST_04390,12
TEST_04391,4
TEST_04392,9
TEST_04393,11
TEST_04394,19
TEST_04395,14
TEST_04396,17
TEST_04397,2
TEST_04398,12
TEST_04399,13
TEST_04400,2
TEST_04401,2
TEST_04402,9
TEST_04403,13
TEST_04404,20
TEST_04405,20
TEST_04406,14
TEST_04407,1
TEST_04408,8
TEST_04409,10
TEST_04410,9
TEST_04411,5
TEST_04412,2
TEST_04413,2
TEST_04414,11
TEST_04415,0
TEST_04416,7
TEST_04417,10
TEST_04418,3
TEST_04419,18
TEST_04420,12
TEST_04421,12
TEST_04422,20
TEST_04423,9
TEST_04424,3
TEST_04425,5
TEST_04426,11
TEST_04427,2
TEST_04428,9
TEST_04429,18
TEST_04430,13
TEST_04431,16
TEST_04432,11
TEST_04433,6
TEST_04434,5
TEST_04435,2
TEST_04436,5
TEST_04437,15
TEST_04438,6
TEST_04439,10
TEST_04440,19
TEST_04441,18
TEST_04442,16
TEST_04443,0
TEST_04444,2
TEST_04445,10
TEST_04446,20
TEST_04447,19
TEST_04448,10
TEST_04449,13
TEST_04450,20
TEST_04451,8
TEST_04452,6
TEST_04453,5
TEST_04454,1
TEST_04455,13
TEST_04456,14
TEST_04457,9
TEST_04458,20
TEST_04459,7
TEST_04460,20
TEST_04461,20
TEST_04462,3
TEST_04463,0
TEST_04464,3
TEST_04465,10
TEST_04466,12
TEST_04467,0
TEST_04468,12
TEST_04469,16
TEST_04470,3
TEST_04471,1
TEST_04472,3
TEST_04473,3
TEST_04474,15
TEST_04475,15
TEST_04476,7
TEST_04477,15
TEST_04478,0
TEST_04479,5
TEST_04480,12
TEST_04481,9
TEST_04482,4
TEST_04483,19
TEST_04484,11
TEST_04485,12
TEST_04486,5
TEST_04487,20
TEST_04488,12
TEST_04489,20
TEST_04490,16
TEST_04491,3
TEST_04492,11
TEST_04493,8
TEST_04494,16
TEST_04495,6
TEST_04496,1
TEST_04497,12
TEST_04498,6
TEST_04499,14
TEST_04500,8
TEST_04501,17
TEST_04502,6
TEST_04503,3
TEST_04504,13
TEST_04505,3
TEST_04506,18
TEST_04507,5
TEST_04508,7
TEST_04509,17
TEST_04510,11
TEST_04511,17
TEST_04512,4
TEST_04513,18
TEST_04514,8
TEST_04515,8
TEST_04516,13
TEST_04517,2
TEST_04518,8
TEST_04519,4
TEST_04520,9
TEST_04521,18
TEST_04522,6
TEST_04523,12
TEST_04524,5
TEST_04525,16
TEST_04526,13
TEST_04527,18
TEST_04528,4
TEST_04529,12
TEST_04530,8
TEST_04531,3
TEST_04532,3
TEST_04533,8
TEST_04534,7
TEST_04535,9
TEST_04536,0
TEST_04537,8
TEST_04538,8
TEST_04539,16
TEST_04540,12
TEST_04541,0
TEST_04542,14
TEST_04543,13
TEST_04544,18
TEST_04545,8
TEST_04546,1
TEST_04547,11
TEST_04548,17
TEST_04549,13
TEST_04550,18
TEST_04551,9
TEST_04552,19
TEST_04553,13
TEST_04554,12
TEST_04555,20
TEST_04556,0
TEST_04557,4
TEST_04558,4
TEST_04559,20
TEST_04560,18
TEST_04561,2
TEST_04562,15
TEST_04563,2
TEST_04564,5
TEST_04565,11
TEST_04566,1
TEST_04567,4
TEST_04568,12
TEST_04569,16
TEST_04570,3
TEST_04571,5
TEST_04572,3
TEST_04573,18
TEST_04574,19
TEST_04575,11
TEST_04576,6
TEST_04577,16
TEST_04578,2
TEST_04579,1
TEST_04580,14
TEST_04581,16
TEST_04582,0
TEST_04583,17
TEST_04584,6
TEST_04585,2
TEST_04586,4
TEST_04587,10
TEST_04588,17
TEST_04589,15
TEST_04590,9
TEST_04591,9
TEST_04592,3
TEST_04593,13
TEST_04594,10
TEST_04595,20
TEST_04596,0
TEST_04597,17
TEST_04598,5
TEST_04599,10
TEST_04600,7
TEST_04601,11
TEST_04602,4
TEST_04603,14
TEST_04604,9
TEST_04605,2
TEST_04606,0
TEST_04607,18
TEST_04608,8
TEST_04609,20
TEST_04610,18
TEST_04611,20
TEST_04612,14
TEST_04613,4
TEST_04614,19
TEST_04615,11
TEST_04616,9
TEST_04617,13
TEST_04618,1
TEST_04619,0
TEST_04620,11
TEST_04621,8
TEST_04622,20
TEST_04623,8
TEST_04624,3
TEST_04625,1
TEST_04626,20
TEST_04627,19
TEST_04628,19
TEST_04629,3
TEST_04630,3
TEST_04631,16
TEST_04632,12
TEST_04633,20
TEST_04634,8
TEST_04635,18
TEST_04636,10
TEST_04637,18
TEST_04638,1
TEST_04639,0
TEST_04640,19
TEST_04641,1
TEST_04642,4
TEST_04643,14
TEST_04644,3
TEST_04645,2
TEST_04646,9
TEST_04647,16
TEST_04648,16
TEST_04649,6
TEST_04650,2
TEST_04651,2
TEST_04652,9
TEST_04653,20
TEST_04654,9
TEST_04655,8
TEST_04656,10
TEST_04657,9
TEST_04658,19
TEST_04659,17
TEST_04660,4
TEST_04661,1
TEST_04662,2
TEST_04663,6
TEST_04664,15
TEST_04665,16
TEST_04666,4
TEST_04667,3
TEST_04668,9
TEST_04669,14
TEST_04670,2
TEST_04671,1
TEST_04672,18
TEST_04673,12
TEST_04674,7
TEST_04675,8
TEST_04676,18
TEST_04677,6
TEST_04678,18
TEST_04679,19
TEST_04680,9
TEST_04681,9
TEST_04682,17
TEST_04683,19
TEST_04684,11
TEST_04685,8
TEST_04686,17
TEST_04687,8
TEST_04688,8
TEST_04689,12
TEST_04690,12
TEST_04691,6
TEST_04692,0
TEST_04693,15
TEST_04694,1
TEST_04695,12
TEST_04696,10
TEST_04697,18
TEST_04698,14
TEST_04699,8
TEST_04700,9
TEST_04701,16
TEST_04702,12
TEST_04703,6
TEST_04704,8
TEST_04705,19
TEST_04706,6
TEST_04707,11
TEST_04708,11
TEST_04709,16
TEST_04710,5
TEST_04711,8
TEST_04712,3
TEST_04713,2
TEST_04714,1
TEST_04715,16
TEST_04716,10
TEST_04717,14
TEST_04718,4
TEST_04719,10
TEST_04720,7
TEST_04721,0
TEST_04722,1
TEST_04723,2
TEST_04724,1
TEST_04725,13
TEST_04726,0
TEST_04727,16
TEST_04728,19
TEST_04729,19
TEST_04730,2
TEST_04731,0
TEST_04732,10
TEST_04733,14
TEST_04734,7
TEST_04735,15
TEST_04736,8
TEST_04737,14
TEST_04738,14
TEST_04739,18
TEST_04740,0
TEST_04741,9
TEST_04742,4
TEST_04743,11
TEST_04744,0
TEST_04745,16
TEST_04746,1
TEST_04747,8
TEST_04748,16
TEST_04749,5
TEST_04750,11
TEST_04751,19
TEST_04752,8
TEST_04753,5
TEST_04754,10
TEST_04755,11
TEST_04756,16
TEST_04757,1
TEST_04758,17
TEST_04759,3
TEST_04760,13
TEST_04761,11
TEST_04762,9
TEST_04763,11
TEST_04764,16
TEST_04765,6
TEST_04766,5
TEST_04767,1
TEST_04768,9
TEST_04769,11
TEST_04770,11
TEST_04771,11
TEST_04772,9
TEST_04773,6
TEST_04774,5
TEST_04775,15
TEST_04776,16
TEST_04777,8
TEST_04778,17
TEST_04779,15
TEST_04780,1
TEST_04781,7
TEST_04782,10
TEST_04783,6
TEST_04784,20
TEST_04785,3
TEST_04786,15
TEST_04787,16
TEST_04788,7
TEST_04789,1
TEST_04790,13
TEST_04791,19
TEST_04792,13
TEST_04793,18
TEST_04794,14
TEST_04795,7
TEST_04796,13
TEST_04797,5
TEST_04798,13
TEST_04799,14
TEST_04800,6
TEST_04801,18
TEST_04802,14
TEST_04803,13
TEST_04804,5
TEST_04805,15
TEST_04806,6
TEST_04807,8
TEST_04808,0
TEST_04809,2
TEST_04810,6
TEST_04811,3
TEST_04812,6
TEST_04813,2
TEST_04814,1
TEST_04815,14
TEST_04816,2
TEST_04817,14
TEST_04818,14
TEST_04819,6
TEST_04820,1
TEST_04821,13
TEST_04822,18
TEST_04823,15
TEST_04824,19
TEST_04825,10
TEST_04826,15
TEST_04827,3
TEST_04828,15
TEST_04829,10
TEST_04830,3
TEST_04831,7
TEST_04832,7
TEST_04833,4
TEST_04834,19
TEST_04835,12
TEST_04836,18
TEST_04837,0
TEST_04838,7
TEST_04839,20
TEST_04840,11
TEST_04841,14
TEST_04842,9
TEST_04843,4
TEST_04844,10
TEST_04845,1
TEST_04846,13
TEST_04847,17
TEST_04848,15
TEST_04849,3
TEST_04850,16
TEST_04851,17
TEST_04852,10
TEST_04853,9
TEST_04854,9
TEST_04855,18
TEST_04856,18
TEST_04857,10
TEST_04858,3
TEST_04859,5
TEST_04860,17
TEST_04861,4
TEST_04862,13
TEST_04863,8
TEST_04864,8
TEST_04865,18
TEST_04866,4
TEST_04867,6
TEST_04868,3
TEST_04869,9
TEST_04870,2
TEST_04871,7
TEST_04872,8
TEST_04873,12
TEST_04874,16
TEST_04875,8
TEST_04876,3
TEST_04877,9
TEST_04878,4
TEST_04879,5
TEST_04880,11
TEST_04881,15
TEST_04882,20
TEST_04883,5
TEST_04884,11
TEST_04885,7
TEST_04886,13
TEST_04887,20
TEST_04888,6
TEST_04889,8
TEST_04890,11
TEST_04891,17
TEST_04892,11
TEST_04893,5
TEST_04894,16
TEST_04895,11
TEST_04896,14
TEST_04897,16
TEST_04898,5
TEST_04899,11
TEST_04900,16
TEST_04901,14
TEST_04902,1
TEST_04903,6
TEST_04904,19
TEST_04905,20
TEST_04906,1
TEST_04907,20
TEST_04908,8
TEST_04909,17
TEST_04910,14
TEST_04911,15
TEST_04912,5
TEST_04913,7
TEST_04914,19
TEST_04915,15
TEST_04916,11
TEST_04917,19
TEST_04918,10
TEST_04919,8
TEST_04920,19
TEST_04921,3
TEST_04922,13
TEST_04923,16
TEST_04924,19
TEST_04925,3
TEST_04926,9
TEST_04927,17
TEST_04928,7
TEST_04929,6
TEST_04930,15
TEST_04931,3
TEST_04932,20
TEST_04933,7
TEST_04934,15
TEST_04935,14
TEST_04936,13
TEST_04937,12
TEST_04938,5
TEST_04939,19
TEST_04940,2
TEST_04941,13
TEST_04942,3
TEST_04943,7
TEST_04944,2
TEST_04945,19
TEST_04946,17
TEST_04947,12
TEST_04948,15
TEST_04949,19
TEST_04950,12
TEST_04951,19
TEST_04952,0
TEST_04953,3
TEST_04954,10
TEST_04955,6
TEST_04956,20
TEST_04957,3
TEST_04958,5
TEST_04959,3
TEST_04960,20
TEST_04961,2
TEST_04962,10
TEST_04963,11
TEST_04964,5
TEST_04965,15
TEST_04966,10
TEST_04967,8
TEST_04968,1
TEST_04969,4
TEST_04970,0
TEST_04971,12
TEST_04972,0
TEST_04973,10
TEST_04974,18
TEST_04975,1
TEST_04976,5
TEST_04977,9
TEST_04978,1
TEST_04979,0
TEST_04980,7
TEST_04981,16
TEST_04982,10
TEST_04983,4
TEST_04984,20
TEST_04985,2
TEST_04986,20
TEST_04987,11
TEST_04988,11
TEST_04989,13
TEST_04990,19
TEST_04991,12
TEST_04992,6
TEST_04993,8
TEST_04994,9
TEST_04995,6
TEST_04996,2
TEST_04997,20
TEST_04998,16
TEST_04999,9
TEST_05000,16
TEST_05001,7
TEST_05002,9
TEST_05003,5
TEST_05004,4
TEST_05005,9
TEST_05006,2
TEST_05007,20
TEST_05008,17
TEST_05009,7
TEST_05010,8
TEST_05011,2
TEST_05012,5
TEST_05013,12
TEST_05014,11
TEST_05015,4
TEST_05016,20
TEST_05017,11
TEST_05018,19
TEST_05019,1
TEST_05020,4
TEST_05021,14
TEST_05022,15
TEST_05023,19
TEST_05024,16
TEST_05025,14
TEST_05026,8
TEST_05027,16
TEST_05028,17
TEST_05029,19
TEST_05030,4
TEST_05031,14
TEST_05032,2
TEST_05033,3
TEST_05034,16
TEST_05035,12
TEST_05036,8
TEST_05037,6
TEST_05038,1
TEST_05039,17
TEST_05040,17
TEST_05041,14
TEST_05042,4
TEST_05043,16
TEST_05044,8
TEST_05045,13
TEST_05046,1
TEST_05047,20
TEST_05048,6
TEST_05049,17
TEST_05050,20
TEST_05051,8
TEST_05052,4
TEST_05053,0
TEST_05054,17
TEST_05055,6
TEST_05056,11
TEST_05057,20
TEST_05058,8
TEST_05059,13
TEST_05060,9
TEST_05061,0
TEST_05062,20
TEST_05063,13
TEST_05064,20
TEST_05065,18
TEST_05066,14
TEST_05067,7
TEST_05068,4
TEST_05069,1
TEST_05070,3
TEST_05071,5
TEST_05072,15
TEST_05073,17
TEST_05074,6
TEST_05075,19
TEST_05076,2
TEST_05077,6
TEST_05078,20
TEST_05079,13
TEST_05080,8
TEST_05081,12
TEST_05082,8
TEST_05083,18
TEST_05084,11
TEST_05085,19
TEST_05086,18
TEST_05087,17
TEST_05088,19
TEST_05089,11
TEST_05090,0
TEST_05091,13
TEST_05092,6
TEST_05093,6
TEST_05094,12
TEST_05095,10
TEST_05096,4
TEST_05097,19
TEST_05098,5
TEST_05099,19
TEST_05100,3
TEST_05101,13
TEST_05102,4
TEST_05103,20
TEST_05104,20
TEST_05105,18
TEST_05106,14
TEST_05107,5
TEST_05108,13
TEST_05109,3
TEST_05110,0
TEST_05111,0
TEST_05112,14
TEST_05113,4
TEST_05114,0
TEST_05115,15
TEST_05116,17
TEST_05117,1
TEST_05118,5
TEST_05119,5
TEST_05120,18
TEST_05121,4
TEST_05122,18
TEST_05123,12
TEST_05124,2
TEST_05125,9
TEST_05126,0
TEST_05127,0
TEST_05128,7
TEST_05129,14
TEST_05130,0
TEST_05131,14
TEST_05132,4
TEST_05133,5
TEST_05134,18
TEST_05135,13
TEST_05136,20
TEST_05137,12
TEST_05138,9
TEST_05139,19
TEST_05140,19
TEST_05141,3
TEST_05142,16
TEST_05143,1
TEST_05144,16
TEST_05145,1
TEST_05146,17
TEST_05147,18
TEST_05148,0
TEST_05149,8
TEST_05150,9
TEST_05151,15
TEST_05152,6
TEST_05153,19
TEST_05154,17
TEST_05155,1
TEST_05156,16
TEST_05157,12
TEST_05158,7
TEST_05159,15
TEST_05160,9
TEST_05161,16
TEST_05162,18
TEST_05163,7
TEST_05164,7
TEST_05165,5
TEST_05166,13
TEST_05167,9
TEST_05168,5
TEST_05169,14
TEST_05170,16
TEST_05171,13
TEST_05172,1
TEST_05173,3
TEST_05174,0
TEST_05175,17
TEST_05176,15
TEST_05177,9
TEST_05178,0
TEST_05179,13
TEST_05180,19
TEST_05181,9
TEST_05182,0
TEST_05183,7
TEST_05184,15
TEST_05185,10
TEST_05186,4
TEST_05187,0
TEST_05188,6
TEST_05189,17
TEST_05190,7
TEST_05191,9
TEST_05192,6
TEST_05193,1
TEST_05194,17
TEST_05195,19
TEST_05196,18
TEST_05197,9
TEST_05198,20
TEST_05199,10
TEST_05200,18
TEST_05201,0
TEST_05202,10
TEST_05203,14
TEST_05204,8
TEST_05205,11
TEST_05206,20
TEST_05207,6
TEST_05208,10
TEST_05209,18
TEST_05210,1
TEST_05211,6
TEST_05212,19
TEST_05213,8
TEST_05214,0
TEST_05215,4
TEST_05216,17
TEST_05217,10
TEST_05218,15
TEST_05219,0
TEST_05220,17
TEST_05221,18
TEST_05222,14
TEST_05223,2
TEST_05224,12
TEST_05225,7
TEST_05226,16
TEST_05227,13
TEST_05228,17
TEST_05229,11
TEST_05230,2
TEST_05231,3
TEST_05232,18
TEST_05233,6
TEST_05234,8
TEST_05235,11
TEST_05236,17
TEST_05237,13
TEST_05238,5
TEST_05239,20
TEST_05240,8
TEST_05241,1
TEST_05242,10
TEST_05243,11
TEST_05244,19
TEST_05245,7
TEST_05246,15
TEST_05247,13
TEST_05248,13
TEST_05249,15
TEST_05250,16
TEST_05251,14
TEST_05252,9
TEST_05253,3
TEST_05254,5
TEST_05255,0
TEST_05256,0
TEST_05257,16
TEST_05258,14
TEST_05259,7
TEST_05260,18
TEST_05261,18
TEST_05262,4
TEST_05263,20
TEST_05264,16
TEST_05265,11
TEST_05266,4
TEST_05267,12
TEST_05268,18
TEST_05269,20
TEST_05270,7
TEST_05271,5
TEST_05272,20
TEST_05273,2
TEST_05274,2
TEST_05275,10
TEST_05276,17
TEST_05277,18
TEST_05278,9
TEST_05279,9
TEST_05280,9
TEST_05281,19
TEST_05282,18
TEST_05283,10
TEST_05284,20
TEST_05285,3
TEST_05286,2
TEST_05287,1
TEST_05288,12
TEST_05289,15
TEST_05290,2
TEST_05291,12
TEST_05292,16
TEST_05293,17
TEST_05294,4
TEST_05295,9
TEST_05296,16
TEST_05297,6
TEST_05298,9
TEST_05299,20
TEST_05300,13
TEST_05301,1
TEST_05302,9
TEST_05303,2
TEST_05304,12
TEST_05305,14
TEST_05306,10
TEST_05307,18
TEST_05308,2
TEST_05309,14
TEST_05310,12
TEST_05311,10
TEST_05312,5
TEST_05313,20
TEST_05314,8
TEST_05315,6
TEST_05316,7
TEST_05317,2
TEST_05318,20
TEST_05319,13
TEST_05320,14
TEST_05321,13
TEST_05322,15
TEST_05323,4
TEST_05324,16
TEST_05325,3
TEST_05326,2
TEST_05327,4
TEST_05328,7
TEST_05329,2
TEST_05330,10
TEST_05331,18
TEST_05332,13
TEST_05333,5
TEST_05334,9
TEST_05335,10
TEST_05336,14
TEST_05337,12
TEST_05338,20
TEST_05339,13
TEST_05340,14
TEST_05341,4
TEST_05342,20
TEST_05343,20
TEST_05344,16
TEST_05345,11
TEST_05346,4
TEST_05347,14
TEST_05348,14
TEST_05349,0
TEST_05350,1
TEST_05351,10
TEST_05352,16
TEST_05353,0
TEST_05354,12
TEST_05355,20
TEST_05356,11
TEST_05357,20
TEST_05358,14
TEST_05359,2
TEST_05360,18
TEST_05361,12
TEST_05362,12
TEST_05363,19
TEST_05364,17
TEST_05365,4
TEST_05366,20
TEST_05367,10
TEST_05368,12
TEST_05369,4
TEST_05370,11
TEST_05371,6
TEST_05372,1
TEST_05373,20
TEST_05374,16
TEST_05375,17
TEST_05376,16
TEST_05377,16
TEST_05378,9
TEST_05379,1
TEST_05380,8
TEST_05381,12
TEST_05382,16
TEST_05383,18
TEST_05384,7
TEST_05385,17
TEST_05386,13
TEST_05387,8
TEST_05388,18
TEST_05389,0
TEST_05390,9
TEST_05391,14
TEST_05392,8
TEST_05393,0
TEST_05394,2
TEST_05395,5
TEST_05396,16
TEST_05397,16
TEST_05398,9
TEST_05399,7
TEST_05400,18
TEST_05401,9
TEST_05402,16
TEST_05403,10
TEST_05404,20
TEST_05405,10
TEST_05406,18
TEST_05407,13
TEST_05408,19
TEST_05409,15
TEST_05410,1
TEST_05411,11
TEST_05412,0
TEST_05413,18
TEST_05414,0
TEST_05415,20
TEST_05416,12
TEST_05417,2
TEST_05418,20
TEST_05419,15
TEST_05420,5
TEST_05421,11
TEST_05422,16
TEST_05423,10
TEST_05424,5
TEST_05425,10
TEST_05426,19
TEST_05427,8
TEST_05428,3
TEST_05429,8
TEST_05430,0
TEST_05431,16
TEST_05432,12
TEST_05433,12
TEST_05434,12
TEST_05435,4
TEST_05436,17
TEST_05437,0
TEST_05438,16
TEST_05439,10
TEST_05440,0
TEST_05441,6
TEST_05442,1
TEST_05443,17
TEST_05444,6
TEST_05445,15
TEST_05446,5
TEST_05447,15
TEST_05448,7
TEST_05449,16
TEST_05450,12
TEST_05451,2
TEST_05452,12
TEST_05453,9
TEST_05454,7
TEST_05455,0
TEST_05456,1
TEST_05457,13
TEST_05458,5
TEST_05459,12
TEST_05460,20
TEST_05461,9
TEST_05462,17
TEST_05463,5
TEST_05464,8
TEST_05465,15
TEST_05466,17
TEST_05467,8
TEST_05468,20
TEST_05469,3
TEST_05470,20
TEST_05471,10
TEST_05472,10
TEST_05473,9
TEST_05474,4
TEST_05475,20
TEST_05476,19
TEST_05477,16
TEST_05478,10
TEST_05479,8
TEST_05480,8
TEST_05481,11
TEST_05482,9
TEST_05483,13
TEST_05484,11
TEST_05485,3
TEST_05486,5
TEST_05487,5
TEST_05488,13
TEST_05489,2
TEST_05490,5
TEST_05491,2
TEST_05492,19
TEST_05493,3
TEST_05494,3
TEST_05495,8
TEST_05496,10
TEST_05497,0
TEST_05498,3
TEST_05499,7
TEST_05500,5
TEST_05501,15
TEST_05502,20
TEST_05503,15
TEST_05504,11
TEST_05505,12
TEST_05506,15
TEST_05507,5
TEST_05508,7
TEST_05509,11
TEST_05510,14
TEST_05511,2
TEST_05512,3
TEST_05513,0
TEST_05514,9
TEST_05515,1
TEST_05516,4
TEST_05517,5
TEST_05518,7
TEST_05519,8
TEST_05520,5
TEST_05521,19
TEST_05522,6
TEST_05523,2
TEST_05524,2
TEST_05525,18
TEST_05526,20
TEST_05527,14
TEST_05528,20
TEST_05529,17
TEST_05530,12
TEST_05531,15
TEST_05532,9
TEST_05533,6
TEST_05534,2
TEST_05535,8
TEST_05536,18
TEST_05537,17
TEST_05538,2
TEST_05539,12
TEST_05540,13
TEST_05541,0
TEST_05542,16
TEST_05543,16
TEST_05544,7
TEST_05545,18
TEST_05546,0
TEST_05547,16
TEST_05548,17
TEST_05549,14
TEST_05550,1
TEST_05551,7
TEST_05552,18
TEST_05553,6
TEST_05554,19
TEST_05555,9
TEST_05556,16
TEST_05557,0
TEST_05558,4
TEST_05559,6
TEST_05560,13
TEST_05561,18
TEST_05562,15
TEST_05563,3
TEST_05564,9
TEST_05565,3
TEST_05566,12
TEST_05567,18
TEST_05568,13
TEST_05569,20
TEST_05570,10
TEST_05571,3
TEST_05572,12
TEST_05573,12
TEST_05574,18
TEST_05575,9
TEST_05576,18
TEST_05577,15
TEST_05578,2
TEST_05579,9
TEST_05580,0
TEST_05581,5
TEST_05582,15
TEST_05583,18
TEST_05584,3
TEST_05585,19
TEST_05586,0
TEST_05587,16
TEST_05588,4
TEST_05589,7
TEST_05590,4
TEST_05591,7
TEST_05592,14
TEST_05593,8
TEST_05594,16
TEST_05595,9
TEST_05596,11
TEST_05597,11
TEST_05598,7
TEST_05599,17
TEST_05600,3
TEST_05601,11
TEST_05602,14
TEST_05603,2
TEST_05604,14
TEST_05605,9
TEST_05606,17
TEST_05607,16
TEST_05608,5
TEST_05609,6
TEST_05610,4
TEST_05611,10
TEST_05612,17
TEST_05613,12
TEST_05614,15
TEST_05615,11
TEST_05616,8
TEST_05617,12
TEST_05618,18
TEST_05619,16
TEST_05620,12
TEST_05621,16
TEST_05622,2
TEST_05623,15
TEST_05624,2
TEST_05625,7
TEST_05626,3
TEST_05627,16
TEST_05628,13
TEST_05629,17
TEST_05630,2
TEST_05631,17
TEST_05632,3
TEST_05633,17
TEST_05634,7
TEST_05635,12
TEST_05636,13
TEST_05637,7
TEST_05638,1
TEST_05639,9
TEST_05640,0
TEST_05641,13
TEST_05642,19
TEST_05643,17
TEST_05644,15
TEST_05645,0
TEST_05646,10
TEST_05647,14
TEST_05648,1
TEST_05649,19
TEST_05650,16
TEST_05651,17
TEST_05652,8
TEST_05653,12
TEST_05654,7
TEST_05655,17
TEST_05656,16
TEST_05657,2
TEST_05658,14
TEST_05659,6
TEST_05660,4
TEST_05661,10
TEST_05662,5
TEST_05663,11
TEST_05664,1
TEST_05665,4
TEST_05666,12
TEST_05667,19
TEST_05668,16
TEST_05669,2
TEST_05670,4
TEST_05671,15
TEST_05672,20
TEST_05673,10
TEST_05674,0
TEST_05675,17
TEST_05676,14
TEST_05677,7
TEST_05678,0
TEST_05679,11
TEST_05680,20
TEST_05681,18
TEST_05682,2
TEST_05683,17
TEST_05684,9
TEST_05685,20
TEST_05686,13
TEST_05687,9
TEST_05688,15
TEST_05689,15
TEST_05690,8
TEST_05691,2
TEST_05692,15
TEST_05693,6
TEST_05694,6
TEST_05695,6
TEST_05696,16
TEST_05697,8
TEST_05698,20
TEST_05699,6
TEST_05700,1
TEST_05701,8
TEST_05702,17
TEST_05703,14
TEST_05704,4
TEST_05705,5
TEST_05706,1
TEST_05707,12
TEST_05708,0
TEST_05709,4
TEST_05710,15
TEST_05711,20
TEST_05712,8
TEST_05713,1
TEST_05714,13
TEST_05715,18
TEST_05716,0
TEST_05717,14
TEST_05718,9
TEST_05719,18
TEST_05720,2
TEST_05721,14
TEST_05722,4
TEST_05723,11
TEST_05724,17
TEST_05725,9
TEST_05726,18
TEST_05727,9
TEST_05728,5
TEST_05729,14
TEST_05730,20
TEST_05731,19
TEST_05732,20
TEST_05733,9
TEST_05734,7
TEST_05735,6
TEST_05736,14
TEST_05737,19
TEST_05738,10
TEST_05739,1
TEST_05740,6
TEST_05741,11
TEST_05742,4
TEST_05743,14
TEST_05744,9
TEST_05745,6
TEST_05746,14
TEST_05747,8
TEST_05748,9
TEST_05749,5
TEST_05750,2
TEST_05751,14
TEST_05752,7
TEST_05753,13
TEST_05754,11
TEST_05755,5
TEST_05756,4
TEST_05757,20
TEST_05758,13
TEST_05759,6
TEST_05760,8
TEST_05761,9
TEST_05762,15
TEST_05763,18
TEST_05764,1
TEST_05765,9
TEST_05766,9
TEST_05767,19
TEST_05768,9
TEST_05769,13
TEST_05770,18
TEST_05771,11
TEST_05772,12
TEST_05773,15
TEST_05774,0
TEST_05775,0
TEST_05776,17
TEST_05777,1
TEST_05778,7
TEST_05779,17
TEST_05780,17
TEST_05781,0
TEST_05782,18
TEST_05783,6
TEST_05784,15
TEST_05785,9
TEST_05786,7
TEST_05787,12
TEST_05788,20
TEST_05789,12
TEST_05790,0
TEST_05791,9
TEST_05792,6
TEST_05793,14
TEST_05794,15
TEST_05795,10
TEST_05796,13
TEST_05797,2
TEST_05798,18
TEST_05799,16
TEST_05800,17
TEST_05801,20
TEST_05802,6
TEST_05803,13
TEST_05804,13
TEST_05805,17
TEST_05806,7
TEST_05807,16
TEST_05808,4
TEST_05809,19
TEST_05810,7
TEST_05811,0
TEST_05812,5
TEST_05813,0
TEST_05814,10
TEST_05815,20
TEST_05816,4
TEST_05817,16
TEST_05818,14
TEST_05819,13
TEST_05820,8
TEST_05821,4
TEST_05822,7
TEST_05823,9
TEST_05824,8
TEST_05825,4
TEST_05826,3
TEST_05827,9
TEST_05828,17
TEST_05829,20
TEST_05830,5
TEST_05831,19
TEST_05832,11
TEST_05833,10
TEST_05834,19
TEST_05835,8
TEST_05836,20
TEST_05837,0
TEST_05838,3
TEST_05839,11
TEST_05840,5
TEST_05841,3
TEST_05842,0
TEST_05843,1
TEST_05844,15
TEST_05845,9
TEST_05846,14
TEST_05847,0
TEST_05848,20
TEST_05849,9
TEST_05850,9
TEST_05851,16
TEST_05852,2
TEST_05853,3
TEST_05854,12
TEST_05855,14
TEST_05856,18
TEST_05857,4
TEST_05858,5
TEST_05859,7
TEST_05860,3
TEST_05861,11
TEST_05862,13
TEST_05863,2
TEST_05864,15
TEST_05865,8
TEST_05866,5
TEST_05867,7
TEST_05868,1
TEST_05869,2
TEST_05870,17
TEST_05871,8
TEST_05872,7
TEST_05873,1
TEST_05874,13
TEST_05875,6
TEST_05876,18
TEST_05877,16
TEST_05878,15
TEST_05879,7
TEST_05880,20
TEST_05881,8
TEST_05882,10
TEST_05883,13
TEST_05884,1
TEST_05885,2
TEST_05886,8
TEST_05887,19
TEST_05888,19
TEST_05889,14
TEST_05890,5
TEST_05891,5
TEST_05892,17
TEST_05893,16
TEST_05894,1
TEST_05895,18
TEST_05896,14
TEST_05897,0
TEST_05898,7
TEST_05899,6
TEST_05900,14
TEST_05901,1
TEST_05902,9
TEST_05903,10
TEST_05904,18
TEST_05905,3
TEST_05906,6
TEST_05907,9
TEST_05908,6
TEST_05909,18
TEST_05910,15
TEST_05911,18
TEST_05912,15
TEST_05913,17
TEST_05914,14
TEST_05915,20
TEST_05916,13
TEST_05917,3
TEST_05918,6
TEST_05919,11
TEST_05920,3
TEST_05921,6
TEST_05922,15
TEST_05923,19
TEST_05924,14
TEST_05925,6
TEST_05926,19
TEST_05927,7
TEST_05928,6
TEST_05929,19
TEST_05930,6
TEST_05931,1
TEST_05932,18
TEST_05933,7
TEST_05934,14
TEST_05935,12
TEST_05936,19
TEST_05937,18
TEST_05938,20
TEST_05939,1
TEST_05940,18
TEST_05941,1
TEST_05942,9
TEST_05943,7
TEST_05944,7
TEST_05945,14
TEST_05946,5
TEST_05947,8
TEST_05948,12
TEST_05949,14
TEST_05950,0
TEST_05951,9
TEST_05952,19
TEST_05953,2
TEST_05954,6
TEST_05955,3
TEST_05956,11
TEST_05957,8
TEST_05958,0
TEST_05959,4
TEST_05960,17
TEST_05961,6
TEST_05962,0
TEST_05963,8
TEST_05964,2
TEST_05965,16
TEST_05966,6
TEST_05967,20
TEST_05968,4
TEST_05969,19
TEST_05970,19
TEST_05971,20
TEST_05972,13
TEST_05973,10
TEST_05974,6
TEST_05975,20
TEST_05976,20
TEST_05977,7
TEST_05978,15
TEST_05979,4
TEST_05980,12
TEST_05981,9
TEST_05982,4
TEST_05983,8
TEST_05984,0
TEST_05985,2
TEST_05986,17
TEST_05987,0
TEST_05988,9
TEST_05989,15
TEST_05990,11
TEST_05991,12
TEST_05992,14
TEST_05993,18
TEST_05994,9
TEST_05995,19
TEST_05996,8
TEST_05997,4
TEST_05998,5
TEST_05999,6
TEST_06000,4
TEST_06001,5
TEST_06002,11
TEST_06003,17
TEST_06004,1
TEST_06005,16
TEST_06006,9
TEST_06007,12
TEST_06008,3
TEST_06009,15
TEST_06010,5
TEST_06011,17
TEST_06012,7
TEST_06013,13
TEST_06014,9
TEST_06015,17
TEST_06016,7
TEST_06017,2
TEST_06018,0
TEST_06019,2
TEST_06020,13
TEST_06021,10
TEST_06022,7
TEST_06023,13
TEST_06024,11
TEST_06025,8
TEST_06026,10
TEST_06027,3
TEST_06028,11
TEST_06029,15
TEST_06030,8
TEST_06031,4
TEST_06032,19
TEST_06033,0
TEST_06034,19
TEST_06035,20
TEST_06036,2
TEST_06037,17
TEST_06038,5
TEST_06039,14
TEST_06040,1
TEST_06041,4
TEST_06042,18
TEST_06043,15
TEST_06044,10
TEST_06045,17
TEST_06046,12
TEST_06047,3
TEST_06048,4
TEST_06049,4
TEST_06050,9
TEST_06051,2
TEST_06052,7
TEST_06053,5
TEST_06054,0
TEST_06055,19
TEST_06056,12
TEST_06057,9
TEST_06058,6
TEST_06059,17
TEST_06060,19
TEST_06061,2
TEST_06062,16
TEST_06063,19
TEST_06064,14
TEST_06065,8
TEST_06066,17
TEST_06067,6
TEST_06068,11
TEST_06069,10
TEST_06070,13
TEST_06071,8
TEST_06072,4
TEST_06073,3
TEST_06074,0
TEST_06075,15
TEST_06076,18
TEST_06077,6
TEST_06078,8
TEST_06079,14
TEST_06080,12
TEST_06081,11
TEST_06082,18
TEST_06083,13
TEST_06084,20
TEST_06085,0
TEST_06086,18
TEST_06087,7
TEST_06088,20
TEST_06089,2
TEST_06090,8
TEST_06091,17
TEST_06092,5
TEST_06093,18
TEST_06094,2
TEST_06095,11
TEST_06096,14
TEST_06097,4
TEST_06098,6
TEST_06099,2
TEST_06100,5
TEST_06101,3
TEST_06102,0
TEST_06103,4
TEST_06104,20
TEST_06105,5
TEST_06106,18
TEST_06107,10
TEST_06108,13
TEST_06109,15
TEST_06110,15
TEST_06111,5
TEST_06112,18
TEST_06113,0
TEST_06114,3
TEST_06115,9
TEST_06116,8
TEST_06117,11
TEST_06118,10
TEST_06119,4
TEST_06120,14
TEST_06121,20
TEST_06122,8
TEST_06123,16
TEST_06124,5
TEST_06125,2
TEST_06126,10
TEST_06127,16
TEST_06128,7
TEST_06129,2
TEST_06130,10
TEST_06131,0
TEST_06132,19
TEST_06133,5
TEST_06134,18
TEST_06135,15
TEST_06136,17
TEST_06137,7
TEST_06138,19
TEST_06139,16
TEST_06140,6
TEST_06141,13
TEST_06142,10
TEST_06143,6
TEST_06144,17
TEST_06145,7
TEST_06146,18
TEST_06147,13
TEST_06148,15
TEST_06149,14
TEST_06150,6
TEST_06151,13
TEST_06152,16
TEST_06153,3
TEST_06154,4
TEST_06155,3
TEST_06156,2
TEST_06157,9
TEST_06158,6
TEST_06159,9
TEST_06160,20
TEST_06161,6
TEST_06162,4
TEST_06163,0
TEST_06164,18
TEST_06165,17
TEST_06166,11
TEST_06167,17
TEST_06168,2
TEST_06169,12
TEST_06170,19
TEST_06171,2
TEST_06172,10
TEST_06173,5
TEST_06174,19
TEST_06175,14
TEST_06176,20
TEST_06177,14
TEST_06178,5
TEST_06179,15
TEST_06180,3
TEST_06181,14
TEST_06182,10
TEST_06183,8
TEST_06184,9
TEST_06185,15
TEST_06186,10
TEST_06187,17
TEST_06188,13
TEST_06189,5
TEST_06190,3
TEST_06191,3
TEST_06192,13
TEST_06193,16
TEST_06194,13
TEST_06195,3
TEST_06196,7
TEST_06197,13
TEST_06198,10
TEST_06199,5
TEST_06200,9
TEST_06201,15
TEST_06202,3
TEST_06203,1
TEST_06204,16
TEST_06205,15
TEST_06206,7
TEST_06207,0
TEST_06208,19
TEST_06209,18
TEST_06210,15
TEST_06211,15
TEST_06212,19
TEST_06213,2
TEST_06214,9
TEST_06215,20
TEST_06216,16
TEST_06217,9
TEST_06218,6
TEST_06219,9
TEST_06220,20
TEST_06221,14
TEST_06222,4
TEST_06223,2
TEST_06224,8
TEST_06225,11
TEST_06226,19
TEST_06227,16
TEST_06228,18
TEST_06229,0
TEST_06230,9
TEST_06231,7
TEST_06232,6
TEST_06233,5
TEST_06234,17
TEST_06235,7
TEST_06236,0
TEST_06237,14
TEST_06238,18
TEST_06239,19
TEST_06240,18
TEST_06241,14
TEST_06242,20
TEST_06243,10
TEST_06244,8
TEST_06245,16
TEST_06246,3
TEST_06247,3
TEST_06248,14
TEST_06249,16
TEST_06250,15
TEST_06251,6
TEST_06252,19
TEST_06253,15
TEST_06254,10
TEST_06255,10
TEST_06256,12
TEST_06257,17
TEST_06258,8
TEST_06259,7
TEST_06260,8
TEST_06261,2
TEST_06262,12
TEST_06263,19
TEST_06264,13
TEST_06265,3
TEST_06266,6
TEST_06267,6
TEST_06268,2
TEST_06269,12
TEST_06270,15
TEST_06271,12
TEST_06272,8
TEST_06273,14
TEST_06274,10
TEST_06275,9
TEST_06276,0
TEST_06277,0
TEST_06278,8
TEST_06279,10
TEST_06280,13
TEST_06281,9
TEST_06282,9
TEST_06283,14
TEST_06284,18
TEST_06285,2
TEST_06286,18
TEST_06287,5
TEST_06288,6
TEST_06289,7
TEST_06290,4
TEST_06291,15
TEST_06292,6
TEST_06293,2
TEST_06294,14
TEST_06295,16
TEST_06296,11
TEST_06297,2
TEST_06298,6
TEST_06299,8
TEST_06300,15
TEST_06301,12
TEST_06302,3
TEST_06303,6
TEST_06304,13
TEST_06305,10
TEST_06306,20
TEST_06307,18
TEST_06308,12
TEST_06309,11
TEST_06310,6
TEST_06311,3
TEST_06312,13
TEST_06313,0
TEST_06314,0
TEST_06315,13
TEST_06316,19
TEST_06317,9
TEST_06318,6
TEST_06319,19
TEST_06320,10
TEST_06321,15
TEST_06322,13
TEST_06323,16
TEST_06324,17
TEST_06325,10
TEST_06326,10
TEST_06327,11
TEST_06328,20
TEST_06329,17
TEST_06330,20
TEST_06331,7
TEST_06332,5
TEST_06333,13
TEST_06334,18
TEST_06335,11
TEST_06336,7
TEST_06337,3
TEST_06338,16
TEST_06339,15
TEST_06340,9
TEST_06341,1
TEST_06342,2
TEST_06343,6
TEST_06344,11
TEST_06345,0
TEST_06346,2
TEST_06347,9
TEST_06348,2
TEST_06349,13
TEST_06350,11
TEST_06351,6
TEST_06352,7
TEST_06353,2
TEST_06354,3
TEST_06355,2
TEST_06356,11
TEST_06357,10
TEST_06358,10
TEST_06359,19
TEST_06360,0
TEST_06361,17
TEST_06362,18
TEST_06363,2
TEST_06364,14
TEST_06365,3
TEST_06366,8
TEST_06367,1
TEST_06368,5
TEST_06369,18
TEST_06370,9
TEST_06371,14
TEST_06372,1
TEST_06373,10
TEST_06374,19
TEST_06375,6
TEST_06376,7
TEST_06377,12
TEST_06378,1
TEST_06379,2
TEST_06380,7
TEST_06381,18
TEST_06382,5
TEST_06383,18
TEST_06384,0
TEST_06385,13
TEST_06386,3
TEST_06387,15
TEST_06388,2
TEST_06389,12
TEST_06390,0
TEST_06391,3
TEST_06392,2
TEST_06393,7
TEST_06394,1
TEST_06395,1
TEST_06396,14
TEST_06397,18
TEST_06398,7
TEST_06399,17
TEST_06400,10
TEST_06401,12
TEST_06402,14
TEST_06403,12
TEST_06404,11
TEST_06405,19
TEST_06406,17
TEST_06407,14
TEST_06408,1
TEST_06409,11
TEST_06410,11
TEST_06411,12
TEST_06412,6
TEST_06413,3
TEST_06414,12
TEST_06415,11
TEST_06416,10
TEST_06417,3
TEST_06418,10
TEST_06419,15
TEST_06420,3
TEST_06421,2
TEST_06422,10
TEST_06423,19
TEST_06424,19
TEST_06425,1
TEST_06426,0
TEST_06427,10
TEST_06428,0
TEST_06429,17
TEST_06430,14
TEST_06431,6
TEST_06432,6
TEST_06433,0
TEST_06434,2
TEST_06435,8
TEST_06436,1
TEST_06437,20
TEST_06438,20
TEST_06439,7
TEST_06440,18
TEST_06441,9
TEST_06442,7
TEST_06443,6
TEST_06444,3
TEST_06445,17
TEST_06446,18
TEST_06447,9
TEST_06448,11
TEST_06449,5
TEST_06450,10
TEST_06451,4
TEST_06452,9
TEST_06453,8
TEST_06454,8
TEST_06455,3
TEST_06456,18
TEST_06457,20
TEST_06458,19
TEST_06459,18
TEST_06460,12
TEST_06461,0
TEST_06462,3
TEST_06463,14
TEST_06464,15
TEST_06465,0
TEST_06466,16
TEST_06467,7
TEST_06468,13
TEST_06469,1
TEST_06470,19
TEST_06471,12
TEST_06472,12
TEST_06473,5
TEST_06474,3
TEST_06475,6
TEST_06476,16
TEST_06477,4
TEST_06478,4
TEST_06479,1
TEST_06480,1
TEST_06481,11
TEST_06482,15
TEST_06483,16
TEST_06484,16
TEST_06485,16
TEST_06486,3
TEST_06487,12
TEST_06488,18
TEST_06489,3
TEST_06490,12
TEST_06491,15
TEST_06492,12
TEST_06493,7
TEST_06494,15
TEST_06495,17
TEST_06496,17
TEST_06497,6
TEST_06498,19
TEST_06499,10
TEST_06500,13
TEST_06501,0
TEST_06502,20
TEST_06503,0
TEST_06504,10
TEST_06505,1
TEST_06506,4
TEST_06507,8
TEST_06508,3
TEST_06509,18
TEST_06510,20
TEST_06511,17
TEST_06512,10
TEST_06513,4
TEST_06514,5
TEST_06515,5
TEST_06516,6
TEST_06517,8
TEST_06518,13
TEST_06519,3
TEST_06520,10
TEST_06521,4
TEST_06522,7
TEST_06523,12
TEST_06524,8
TEST_06525,12
TEST_06526,18
TEST_06527,20
TEST_06528,16
TEST_06529,7
TEST_06530,5
TEST_06531,14
TEST_06532,1
TEST_06533,0
TEST_06534,9
TEST_06535,3
TEST_06536,9
TEST_06537,16
TEST_06538,7
TEST_06539,10
TEST_06540,12
TEST_06541,5
TEST_06542,8
TEST_06543,0
TEST_06544,3
TEST_06545,5
TEST_06546,11
TEST_06547,7
TEST_06548,18
TEST_06549,14
TEST_06550,14
TEST_06551,2
TEST_06552,15
TEST_06553,3
TEST_06554,8
TEST_06555,10
TEST_06556,12
TEST_06557,6
TEST_06558,18
TEST_06559,10
TEST_06560,3
TEST_06561,3
TEST_06562,19
TEST_06563,17
TEST_06564,18
TEST_06565,17
TEST_06566,16
TEST_06567,20
TEST_06568,18
TEST_06569,12
TEST_06570,18
TEST_06571,16
TEST_06572,7
TEST_06573,16
TEST_06574,7
TEST_06575,5
TEST_06576,20
TEST_06577,15
TEST_06578,12
TEST_06579,11
TEST_06580,20
TEST_06581,7
TEST_06582,9
TEST_06583,10
TEST_06584,14
TEST_06585,11
TEST_06586,2
TEST_06587,14
TEST_06588,0
TEST_06589,17
TEST_06590,19
TEST_06591,3
TEST_06592,17
TEST_06593,11
TEST_06594,12
TEST_06595,9
TEST_06596,16
TEST_06597,15
TEST_06598,6
TEST_06599,9
TEST_06600,6
TEST_06601,18
TEST_06602,15
TEST_06603,8
TEST_06604,8
TEST_06605,2
TEST_06606,19
TEST_06607,1
TEST_06608,15
TEST_06609,10
TEST_06610,2
TEST_06611,3
TEST_06612,5
TEST_06613,9
TEST_06614,1
TEST_06615,16
TEST_06616,13
TEST_06617,18
TEST_06618,2
TEST_06619,1
TEST_06620,8
TEST_06621,13
TEST_06622,4
TEST_06623,3
TEST_06624,20
TEST_06625,0
TEST_06626,8
TEST_06627,7
TEST_06628,0
TEST_06629,16
TEST_06630,13
TEST_06631,4
TEST_06632,12
TEST_06633,10
TEST_06634,11
TEST_06635,0
TEST_06636,6
TEST_06637,7
TEST_06638,8
TEST_06639,5
TEST_06640,10
TEST_06641,11
TEST_06642,4
TEST_06643,7
TEST_06644,17
TEST_06645,1
TEST_06646,7
TEST_06647,7
TEST_06648,20
TEST_06649,20
TEST_06650,0
TEST_06651,17
TEST_06652,10
TEST_06653,20
TEST_06654,5
TEST_06655,3
TEST_06656,12
TEST_06657,12
TEST_06658,5
TEST_06659,11
TEST_06660,12
TEST_06661,1
TEST_06662,19
TEST_06663,9
TEST_06664,20
TEST_06665,0
TEST_06666,5
TEST_06667,19
TEST_06668,8
TEST_06669,6
TEST_06670,13
TEST_06671,2
TEST_06672,12
TEST_06673,17
TEST_06674,4
TEST_06675,6
TEST_06676,4
TEST_06677,13
TEST_06678,0
TEST_06679,18
TEST_06680,9
TEST_06681,2
TEST_06682,2
TEST_06683,18
TEST_06684,10
TEST_06685,12
TEST_06686,17
TEST_06687,1
TEST_06688,20
TEST_06689,9
TEST_06690,13
TEST_06691,19
TEST_06692,13
TEST_06693,2
TEST_06694,7
TEST_06695,16
TEST_06696,14
TEST_06697,4
TEST_06698,14
TEST_06699,0
TEST_06700,11
TEST_06701,20
TEST_06702,2
TEST_06703,17
TEST_06704,4
TEST_06705,1
TEST_06706,7
TEST_06707,0
TEST_06708,14
TEST_06709,18
TEST_06710,0
TEST_06711,9
TEST_06712,2
TEST_06713,19
TEST_06714,2
TEST_06715,13
TEST_06716,7
TEST_06717,4
TEST_06718,19
TEST_06719,12
TEST_06720,17
TEST_06721,1
TEST_06722,0
TEST_06723,20
TEST_06724,20
TEST_06725,15
TEST_06726,12
TEST_06727,7
TEST_06728,7
TEST_06729,7
TEST_06730,9
TEST_06731,0
TEST_06732,12
TEST_06733,6
TEST_06734,2
TEST_06735,20
TEST_06736,4
TEST_06737,2
TEST_06738,17
TEST_06739,16
TEST_06740,9
TEST_06741,2
TEST_06742,10
TEST_06743,8
TEST_06744,16
TEST_06745,3
TEST_06746,18
TEST_06747,16
TEST_06748,0
TEST_06749,9
TEST_06750,3
TEST_06751,7
TEST_06752,13
TEST_06753,0
TEST_06754,18
TEST_06755,9
TEST_06756,13
TEST_06757,4
TEST_06758,13
TEST_06759,14
TEST_06760,17
TEST_06761,0
TEST_06762,12
TEST_06763,13
TEST_06764,19
TEST_06765,17
TEST_06766,20
TEST_06767,5
TEST_06768,7
TEST_06769,9
TEST_06770,10
TEST_06771,8
TEST_06772,10
TEST_06773,19
TEST_06774,1
TEST_06775,14
TEST_06776,13
TEST_06777,4
TEST_06778,18
TEST_06779,9
TEST_06780,6
TEST_06781,16
TEST_06782,9
TEST_06783,6
TEST_06784,2
TEST_06785,20
TEST_06786,18
TEST_06787,13
TEST_06788,12
TEST_06789,12
TEST_06790,19
TEST_06791,8
TEST_06792,13
TEST_06793,20
TEST_06794,5
TEST_06795,1
TEST_06796,10
TEST_06797,17
TEST_06798,20
TEST_06799,13
TEST_06800,10
TEST_06801,14
TEST_06802,11
TEST_06803,1
TEST_06804,0
TEST_06805,7
TEST_06806,2
TEST_06807,18
TEST_06808,10
TEST_06809,15
TEST_06810,5
TEST_06811,1
TEST_06812,6
TEST_06813,6
TEST_06814,10
TEST_06815,14
TEST_06816,14
TEST_06817,15
TEST_06818,6
TEST_06819,17
TEST_06820,1
TEST_06821,12
TEST_06822,6
TEST_06823,4
TEST_06824,3
TEST_06825,0
TEST_06826,3
TEST_06827,9
TEST_06828,16
TEST_06829,13
TEST_06830,19
TEST_06831,2
TEST_06832,10
TEST_06833,2
TEST_06834,2
TEST_06835,16
TEST_06836,19
TEST_06837,6
TEST_06838,14
TEST_06839,3
TEST_06840,14
TEST_06841,12
TEST_06842,18
TEST_06843,0
TEST_06844,3
TEST_06845,7
TEST_06846,6
TEST_06847,5
TEST_06848,20
TEST_06849,5
TEST_06850,6
TEST_06851,3
TEST_06852,4
TEST_06853,15
TEST_06854,9
TEST_06855,8
TEST_06856,19
TEST_06857,15
TEST_06858,0
TEST_06859,20
TEST_06860,10
TEST_06861,0
TEST_06862,9
TEST_06863,15
TEST_06864,0
TEST_06865,10
TEST_06866,14
TEST_06867,14
TEST_06868,4
TEST_06869,5
TEST_06870,10
TEST_06871,10
TEST_06872,3
TEST_06873,3
TEST_06874,19
TEST_06875,18
TEST_06876,11
TEST_06877,7
TEST_06878,19
TEST_06879,18
TEST_06880,20
TEST_06881,10
TEST_06882,10
TEST_06883,3
TEST_06884,7
TEST_06885,2
TEST_06886,4
TEST_06887,8
TEST_06888,13
TEST_06889,9
TEST_06890,13
TEST_06891,15
TEST_06892,9
TEST_06893,19
TEST_06894,18
TEST_06895,16
TEST_06896,9
TEST_06897,9
TEST_06898,17
TEST_06899,17
TEST_06900,18
TEST_06901,16
TEST_06902,17
TEST_06903,17
TEST_06904,13
TEST_06905,5
TEST_06906,0
TEST_06907,2
TEST_06908,9
TEST_06909,14
TEST_06910,10
TEST_06911,11
TEST_06912,16
TEST_06913,17
TEST_06914,3
TEST_06915,20
TEST_06916,11
TEST_06917,16
TEST_06918,20
TEST_06919,3
TEST_06920,12
TEST_06921,2
TEST_06922,16
TEST_06923,15
TEST_06924,19
TEST_06925,1
TEST_06926,0
TEST_06927,14
TEST_06928,15
TEST_06929,5
TEST_06930,10
TEST_06931,4
TEST_06932,15
TEST_06933,17
TEST_06934,3
TEST_06935,0
TEST_06936,11
TEST_06937,13
TEST_06938,8
TEST_06939,4
TEST_06940,15
TEST_06941,9
TEST_06942,7
TEST_06943,15
TEST_06944,8
TEST_06945,12
TEST_06946,19
TEST_06947,13
TEST_06948,8
TEST_06949,20
TEST_06950,16
TEST_06951,7
TEST_06952,6
TEST_06953,7
TEST_06954,20
TEST_06955,14
TEST_06956,2
TEST_06957,4
TEST_06958,1
TEST_06959,6
TEST_06960,15
TEST_06961,1
TEST_06962,12
TEST_06963,9
TEST_06964,1
TEST_06965,15
TEST_06966,4
TEST_06967,18
TEST_06968,12
TEST_06969,19
TEST_06970,14
TEST_06971,12
TEST_06972,17
TEST_06973,11
TEST_06974,3
TEST_06975,10
TEST_06976,15
TEST_06977,10
TEST_06978,8
TEST_06979,16
TEST_06980,1
TEST_06981,5
TEST_06982,6
TEST_06983,16
TEST_06984,2
TEST_06985,11
TEST_06986,11
TEST_06987,0
TEST_06988,20
TEST_06989,10
TEST_06990,15
TEST_06991,9
TEST_06992,8
TEST_06993,15
TEST_06994,18
TEST_06995,14
TEST_06996,8
TEST_06997,8
TEST_06998,15
TEST_06999,7
TEST_07000,12
TEST_07001,12
TEST_07002,20
TEST_07003,5
TEST_07004,8
TEST_07005,13
TEST_07006,5
TEST_07007,10
TEST_07008,17
TEST_07009,2
TEST_07010,2
TEST_07011,17
TEST_07012,2
TEST_07013,14
TEST_07014,9
TEST_07015,9
TEST_07016,13
TEST_07017,16
TEST_07018,13
TEST_07019,14
TEST_07020,15
TEST_07021,3
TEST_07022,14
TEST_07023,2
TEST_07024,12
TEST_07025,0
TEST_07026,6
TEST_07027,20
TEST_07028,11
TEST_07029,4
TEST_07030,9
TEST_07031,8
TEST_07032,15
TEST_07033,14
TEST_07034,1
TEST_07035,8
TEST_07036,12
TEST_07037,1
TEST_07038,18
TEST_07039,5
TEST_07040,0
TEST_07041,2
TEST_07042,14
TEST_07043,0
TEST_07044,16
TEST_07045,9
TEST_07046,10
TEST_07047,0
TEST_07048,17
TEST_07049,7
TEST_07050,16
TEST_07051,7
TEST_07052,1
TEST_07053,10
TEST_07054,14
TEST_07055,17
TEST_07056,0
TEST_07057,16
TEST_07058,5
TEST_07059,3
TEST_07060,4
TEST_07061,16
TEST_07062,6
TEST_07063,9
TEST_07064,12
TEST_07065,8
TEST_07066,10
TEST_07067,15
TEST_07068,7
TEST_07069,14
TEST_07070,19
TEST_07071,1
TEST_07072,3
TEST_07073,17
TEST_07074,2
TEST_07075,10
TEST_07076,10
TEST_07077,16
TEST_07078,1
TEST_07079,2
TEST_07080,14
TEST_07081,20
TEST_07082,16
TEST_07083,9
TEST_07084,4
TEST_07085,14
TEST_07086,14
TEST_07087,0
TEST_07088,0
TEST_07089,1
TEST_07090,13
TEST_07091,16
TEST_07092,3
TEST_07093,15
TEST_07094,11
TEST_07095,11
TEST_07096,13
TEST_07097,0
TEST_07098,5
TEST_07099,11
TEST_07100,9
TEST_07101,17
TEST_07102,7
TEST_07103,3
TEST_07104,6
TEST_07105,4
TEST_07106,4
TEST_07107,18
TEST_07108,19
TEST_07109,20
TEST_07110,14
TEST_07111,8
TEST_07112,0
TEST_07113,3
TEST_07114,2
TEST_07115,12
TEST_07116,7
TEST_07117,0
TEST_07118,13
TEST_07119,10
TEST_07120,17
TEST_07121,3
TEST_07122,1
TEST_07123,0
TEST_07124,19
TEST_07125,20
TEST_07126,4
TEST_07127,8
TEST_07128,9
TEST_07129,12
TEST_07130,8
TEST_07131,11
TEST_07132,4
TEST_07133,8
TEST_07134,7
TEST_07135,7
TEST_07136,5
TEST_07137,18
TEST_07138,17
TEST_07139,9
TEST_07140,6
TEST_07141,7
TEST_07142,5
TEST_07143,3
TEST_07144,4
TEST_07145,13
TEST_07146,9
TEST_07147,19
TEST_07148,0
TEST_07149,0
TEST_07150,5
TEST_07151,7
TEST_07152,17
TEST_07153,5
TEST_07154,1
TEST_07155,13
TEST_07156,17
TEST_07157,6
TEST_07158,8
TEST_07159,2
TEST_07160,17
TEST_07161,2
TEST_07162,6
TEST_07163,16
TEST_07164,16
TEST_07165,9
TEST_07166,0
TEST_07167,9
TEST_07168,3
TEST_07169,19
TEST_07170,15
TEST_07171,16
TEST_07172,2
TEST_07173,8
TEST_07174,5
TEST_07175,9
TEST_07176,14
TEST_07177,8
TEST_07178,20
TEST_07179,14
TEST_07180,17
TEST_07181,16
TEST_07182,18
TEST_07183,18
TEST_07184,13
TEST_07185,13
TEST_07186,15
TEST_07187,9
TEST_07188,13
TEST_07189,19
TEST_07190,3
TEST_07191,8
TEST_07192,3
TEST_07193,9
TEST_07194,12
TEST_07195,12
TEST_07196,10
TEST_07197,19
TEST_07198,14
TEST_07199,18
TEST_07200,5
TEST_07201,7
TEST_07202,3
TEST_07203,7
TEST_07204,20
TEST_07205,2
TEST_07206,20
TEST_07207,8
TEST_07208,3
TEST_07209,0
TEST_07210,2
TEST_07211,13
TEST_07212,18
TEST_07213,8
TEST_07214,5
TEST_07215,15
TEST_07216,12
TEST_07217,10
TEST_07218,8
TEST_07219,9
TEST_07220,15
TEST_07221,14
TEST_07222,20
TEST_07223,7
TEST_07224,14
TEST_07225,7
TEST_07226,6
TEST_07227,16
TEST_07228,5
TEST_07229,18
TEST_07230,16
TEST_07231,3
TEST_07232,0
TEST_07233,12
TEST_07234,18
TEST_07235,11
TEST_07236,14
TEST_07237,3
TEST_07238,8
TEST_07239,6
TEST_07240,18
TEST_07241,4
TEST_07242,0
TEST_07243,6
TEST_07244,12
TEST_07245,14
TEST_07246,12
TEST_07247,12
TEST_07248,8
TEST_07249,6
TEST_07250,17
TEST_07251,19
TEST_07252,19
TEST_07253,3
TEST_07254,18
TEST_07255,10
TEST_07256,20
TEST_07257,12
TEST_07258,8
TEST_07259,6
TEST_07260,15
TEST_07261,4
TEST_07262,12
TEST_07263,3
TEST_07264,3
TEST_07265,12
TEST_07266,10
TEST_07267,20
TEST_07268,6
TEST_07269,16
TEST_07270,11
TEST_07271,11
TEST_07272,20
TEST_07273,3
TEST_07274,3
TEST_07275,19
TEST_07276,12
TEST_07277,1
TEST_07278,18
TEST_07279,12
TEST_07280,8
TEST_07281,0
TEST_07282,15
TEST_07283,4
TEST_07284,13
TEST_07285,17
TEST_07286,13
TEST_07287,1
TEST_07288,17
TEST_07289,10
TEST_07290,9
TEST_07291,4
TEST_07292,20
TEST_07293,3
TEST_07294,17
TEST_07295,4
TEST_07296,2
TEST_07297,18
TEST_07298,14
TEST_07299,7
TEST_07300,10
TEST_07301,7
TEST_07302,18
TEST_07303,9
TEST_07304,4
TEST_07305,19
TEST_07306,3
TEST_07307,4
TEST_07308,1
TEST_07309,0
TEST_07310,3
TEST_07311,20
TEST_07312,0
TEST_07313,19
TEST_07314,19
TEST_07315,6
TEST_07316,3
TEST_07317,11
TEST_07318,14
TEST_07319,3
TEST_07320,20
TEST_07321,6
TEST_07322,1
TEST_07323,14
TEST_07324,13
TEST_07325,12
TEST_07326,12
TEST_07327,10
TEST_07328,10
TEST_07329,15
TEST_07330,13
TEST_07331,6
TEST_07332,7
TEST_07333,7
TEST_07334,0
TEST_07335,2
TEST_07336,2
TEST_07337,18
TEST_07338,4
TEST_07339,1
TEST_07340,7
TEST_07341,0
TEST_07342,8
TEST_07343,7
TEST_07344,20
TEST_07345,15
TEST_07346,18
TEST_07347,2
TEST_07348,9
TEST_07349,6
TEST_07350,20
TEST_07351,3
TEST_07352,11
TEST_07353,8
TEST_07354,18
TEST_07355,1
TEST_07356,11
TEST_07357,4
TEST_07358,19
TEST_07359,11
TEST_07360,13
TEST_07361,10
TEST_07362,13
TEST_07363,6
TEST_07364,7
TEST_07365,16
TEST_07366,16
TEST_07367,17
TEST_07368,12
TEST_07369,0
TEST_07370,2
TEST_07371,13
TEST_07372,4
TEST_07373,11
TEST_07374,13
TEST_07375,4
TEST_07376,9
TEST_07377,17
TEST_07378,18
TEST_07379,11
TEST_07380,2
TEST_07381,6
TEST_07382,13
TEST_07383,12
TEST_07384,17
TEST_07385,8
TEST_07386,10
TEST_07387,11
TEST_07388,18
TEST_07389,10
TEST_07390,9
TEST_07391,6
TEST_07392,9
TEST_07393,5
TEST_07394,16
TEST_07395,8
TEST_07396,11
TEST_07397,8
TEST_07398,18
TEST_07399,20
TEST_07400,4
TEST_07401,5
TEST_07402,19
TEST_07403,9
TEST_07404,10
TEST_07405,2
TEST_07406,6
TEST_07407,10
TEST_07408,0
TEST_07409,1
TEST_07410,12
TEST_07411,1
TEST_07412,17
TEST_07413,17
TEST_07414,9
TEST_07415,12
TEST_07416,16
TEST_07417,6
TEST_07418,20
TEST_07419,20
TEST_07420,20
TEST_07421,15
TEST_07422,13
TEST_07423,20
TEST_07424,9
TEST_07425,8
TEST_07426,17
TEST_07427,2
TEST_07428,7
TEST_07429,6
TEST_07430,17
TEST_07431,19
TEST_07432,7
TEST_07433,9
TEST_07434,1
TEST_07435,19
TEST_07436,14
TEST_07437,15
TEST_07438,1
TEST_07439,9
TEST_07440,11
TEST_07441,1
TEST_07442,1
TEST_07443,2
TEST_07444,15
TEST_07445,18
TEST_07446,6
TEST_07447,0
TEST_07448,19
TEST_07449,7
TEST_07450,2
TEST_07451,18
TEST_07452,7
TEST_07453,3
TEST_07454,0
TEST_07455,19
TEST_07456,1
TEST_07457,0
TEST_07458,1
TEST_07459,5
TEST_07460,14
TEST_07461,4
TEST_07462,2
TEST_07463,15
TEST_07464,2
TEST_07465,15
TEST_07466,5
TEST_07467,0
TEST_07468,14
TEST_07469,19
TEST_07470,15
TEST_07471,3
TEST_07472,16
TEST_07473,18
TEST_07474,1
TEST_07475,10
TEST_07476,10
TEST_07477,10
TEST_07478,18
TEST_07479,14
TEST_07480,1
TEST_07481,15
TEST_07482,3
TEST_07483,6
TEST_07484,17
TEST_07485,15
TEST_07486,0
TEST_07487,5
TEST_07488,13
TEST_07489,6
TEST_07490,18
TEST_07491,13
TEST_07492,9
TEST_07493,13
TEST_07494,16
TEST_07495,3
TEST_07496,15
TEST_07497,6
TEST_07498,15
TEST_07499,7
TEST_07500,13
TEST_07501,16
TEST_07502,10
TEST_07503,15
TEST_07504,17
TEST_07505,7
TEST_07506,1
TEST_07507,0
TEST_07508,17
TEST_07509,9
TEST_07510,15
TEST_07511,8
TEST_07512,9
TEST_07513,18
TEST_07514,4
TEST_07515,7
TEST_07516,7
TEST_07517,8
TEST_07518,15
TEST_07519,6
TEST_07520,7
TEST_07521,11
TEST_07522,18
TEST_07523,19
TEST_07524,11
TEST_07525,20
TEST_07526,8
TEST_07527,10
TEST_07528,13
TEST_07529,12
TEST_07530,4
TEST_07531,19
TEST_07532,2
TEST_07533,4
TEST_07534,1
TEST_07535,10
TEST_07536,1
TEST_07537,7
TEST_07538,13
TEST_07539,17
TEST_07540,18
TEST_07541,4
TEST_07542,7
TEST_07543,6
TEST_07544,13
TEST_07545,13
TEST_07546,19
TEST_07547,2
TEST_07548,3
TEST_07549,2
TEST_07550,0
TEST_07551,14
TEST_07552,6
TEST_07553,12
TEST_07554,18
TEST_07555,13
TEST_07556,13
TEST_07557,7
TEST_07558,5
TEST_07559,13
TEST_07560,12
TEST_07561,3
TEST_07562,8
TEST_07563,8
TEST_07564,9
TEST_07565,6
TEST_07566,0
TEST_07567,19
TEST_07568,3
TEST_07569,18
TEST_07570,0
TEST_07571,0
TEST_07572,6
TEST_07573,1
TEST_07574,7
TEST_07575,9
TEST_07576,20
TEST_07577,16
TEST_07578,4
TEST_07579,11
TEST_07580,0
TEST_07581,1
TEST_07582,1
TEST_07583,12
TEST_07584,15
TEST_07585,12
TEST_07586,6
TEST_07587,20
TEST_07588,16
TEST_07589,10
TEST_07590,10
TEST_07591,6
TEST_07592,13
TEST_07593,0
TEST_07594,9
TEST_07595,9
TEST_07596,14
TEST_07597,3
TEST_07598,7
TEST_07599,7
TEST_07600,10
TEST_07601,20
TEST_07602,9
TEST_07603,15
TEST_07604,16
TEST_07605,8
TEST_07606,4
TEST_07607,0
TEST_07608,6
TEST_07609,1
TEST_07610,5
TEST_07611,14
TEST_07612,17
TEST_07613,17
TEST_07614,10
TEST_07615,17
TEST_07616,15
TEST_07617,20
TEST_07618,6
TEST_07619,1
TEST_07620,11
TEST_07621,19
TEST_07622,13
TEST_07623,20
TEST_07624,10
TEST_07625,8
TEST_07626,7
TEST_07627,11
TEST_07628,15
TEST_07629,1
TEST_07630,15
TEST_07631,17
TEST_07632,6
TEST_07633,1
TEST_07634,1
TEST_07635,1
TEST_07636,4
TEST_07637,5
TEST_07638,7
TEST_07639,2
TEST_07640,8
TEST_07641,4
TEST_07642,17
TEST_07643,9
TEST_07644,15
TEST_07645,17
TEST_07646,18
TEST_07647,9
TEST_07648,14
TEST_07649,14
TEST_07650,6
TEST_07651,12
TEST_07652,12
TEST_07653,10
TEST_07654,0
TEST_07655,4
TEST_07656,0
TEST_07657,5
TEST_07658,9
TEST_07659,1
TEST_07660,8
TEST_07661,2
TEST_07662,16
TEST_07663,13
TEST_07664,7
TEST_07665,13
TEST_07666,3
TEST_07667,11
TEST_07668,19
TEST_07669,15
TEST_07670,3
TEST_07671,4
TEST_07672,17
TEST_07673,18
TEST_07674,6
TEST_07675,12
TEST_07676,4
TEST_07677,1
TEST_07678,13
TEST_07679,10
TEST_07680,1
TEST_07681,8
TEST_07682,8
TEST_07683,19
TEST_07684,6
TEST_07685,14
TEST_07686,20
TEST_07687,19
TEST_07688,4
TEST_07689,6
TEST_07690,3
TEST_07691,11
TEST_07692,5
TEST_07693,4
TEST_07694,16
TEST_07695,20
TEST_07696,13
TEST_07697,18
TEST_07698,2
TEST_07699,20
TEST_07700,19
TEST_07701,20
TEST_07702,11
TEST_07703,20
TEST_07704,18
TEST_07705,20
TEST_07706,8
TEST_07707,8
TEST_07708,7
TEST_07709,12
TEST_07710,8
TEST_07711,13
TEST_07712,19
TEST_07713,8
TEST_07714,5
TEST_07715,5
TEST_07716,13
TEST_07717,17
TEST_07718,2
TEST_07719,9
TEST_07720,18
TEST_07721,12
TEST_07722,7
TEST_07723,15
TEST_07724,18
TEST_07725,9
TEST_07726,14
TEST_07727,10
TEST_07728,13
TEST_07729,6
TEST_07730,4
TEST_07731,0
TEST_07732,1
TEST_07733,20
TEST_07734,12
TEST_07735,19
TEST_07736,18
TEST_07737,15
TEST_07738,9
TEST_07739,10
TEST_07740,18
TEST_07741,16
TEST_07742,11
TEST_07743,11
TEST_07744,17
TEST_07745,0
TEST_07746,18
TEST_07747,19
TEST_07748,14
TEST_07749,9
TEST_07750,12
TEST_07751,6
TEST_07752,3
TEST_07753,18
TEST_07754,2
TEST_07755,9
TEST_07756,17
TEST_07757,11
TEST_07758,13
TEST_07759,13
TEST_07760,20
TEST_07761,0
TEST_07762,20
TEST_07763,15
TEST_07764,6
TEST_07765,1
TEST_07766,11
TEST_07767,19
TEST_07768,12
TEST_07769,19
TEST_07770,12
TEST_07771,16
TEST_07772,14
TEST_07773,15
TEST_07774,10
TEST_07775,0
TEST_07776,1
TEST_07777,17
TEST_07778,19
TEST_07779,19
TEST_07780,11
TEST_07781,8
TEST_07782,19
TEST_07783,4
TEST_07784,6
TEST_07785,18
TEST_07786,1
TEST_07787,5
TEST_07788,6
TEST_07789,15
TEST_07790,10
TEST_07791,7
TEST_07792,16
TEST_07793,2
TEST_07794,0
TEST_07795,17
TEST_07796,9
TEST_07797,17
TEST_07798,6
TEST_07799,2
TEST_07800,3
TEST_07801,20
TEST_07802,3
TEST_07803,2
TEST_07804,7
TEST_07805,1
TEST_07806,15
TEST_07807,17
TEST_07808,9
TEST_07809,7
TEST_07810,3
TEST_07811,19
TEST_07812,3
TEST_07813,19
TEST_07814,11
TEST_07815,5
TEST_07816,14
TEST_07817,4
TEST_07818,14
TEST_07819,20
TEST_07820,17
TEST_07821,0
TEST_07822,10
TEST_07823,0
TEST_07824,9
TEST_07825,19
TEST_07826,4
TEST_07827,5
TEST_07828,9
TEST_07829,3
TEST_07830,12
TEST_07831,16
TEST_07832,11
TEST_07833,20
TEST_07834,4
TEST_07835,7
TEST_07836,11
TEST_07837,0
TEST_07838,10
TEST_07839,19
TEST_07840,1
TEST_07841,14
TEST_07842,9
TEST_07843,10
TEST_07844,17
TEST_07845,12
TEST_07846,5
TEST_07847,11
TEST_07848,13
TEST_07849,5
TEST_07850,19
TEST_07851,9
TEST_07852,4
TEST_07853,20
TEST_07854,0
TEST_07855,3
TEST_07856,17
TEST_07857,16
TEST_07858,17
TEST_07859,9
TEST_07860,9
TEST_07861,14
TEST_07862,2
TEST_07863,13
TEST_07864,18
TEST_07865,6
TEST_07866,7
TEST_07867,2
TEST_07868,1
TEST_07869,17
TEST_07870,4
TEST_07871,18
TEST_07872,10
TEST_07873,8
TEST_07874,5
TEST_07875,7
TEST_07876,18
TEST_07877,3
TEST_07878,13
TEST_07879,6
TEST_07880,1
TEST_07881,3
TEST_07882,4
TEST_07883,11
TEST_07884,12
TEST_07885,15
TEST_07886,3
TEST_07887,13
TEST_07888,19
TEST_07889,4
TEST_07890,9
TEST_07891,18
TEST_07892,1
TEST_07893,7
TEST_07894,3
TEST_07895,12
TEST_07896,18
TEST_07897,14
TEST_07898,6
TEST_07899,4
TEST_07900,19
TEST_07901,16
TEST_07902,6
TEST_07903,15
TEST_07904,7
TEST_07905,5
TEST_07906,7
TEST_07907,19
TEST_07908,20
TEST_07909,0
TEST_07910,0
TEST_07911,14
TEST_07912,19
TEST_07913,7
TEST_07914,9
TEST_07915,2
TEST_07916,12
TEST_07917,18
TEST_07918,11
TEST_07919,1
TEST_07920,20
TEST_07921,5
TEST_07922,13
TEST_07923,20
TEST_07924,12
TEST_07925,19
TEST_07926,17
TEST_07927,11
TEST_07928,5
TEST_07929,10
TEST_07930,9
TEST_07931,20
TEST_07932,6
TEST_07933,3
TEST_07934,16
TEST_07935,6
TEST_07936,1
TEST_07937,17
TEST_07938,20
TEST_07939,1
TEST_07940,13
TEST_07941,16
TEST_07942,6
TEST_07943,9
TEST_07944,0
TEST_07945,8
TEST_07946,8
TEST_07947,14
TEST_07948,4
TEST_07949,1
TEST_07950,6
TEST_07951,10
TEST_07952,5
TEST_07953,8
TEST_07954,10
TEST_07955,9
TEST_07956,17
TEST_07957,10
TEST_07958,11
TEST_07959,16
TEST_07960,19
TEST_07961,0
TEST_07962,20
TEST_07963,11
TEST_07964,0
TEST_07965,6
TEST_07966,8
TEST_07967,2
TEST_07968,12
TEST_07969,0
TEST_07970,13
TEST_07971,7
TEST_07972,14
TEST_07973,19
TEST_07974,16
TEST_07975,9
TEST_07976,16
TEST_07977,17
TEST_07978,16
TEST_07979,12
TEST_07980,18
TEST_07981,4
TEST_07982,14
TEST_07983,5
TEST_07984,20
TEST_07985,14
TEST_07986,1
TEST_07987,2
TEST_07988,3
TEST_07989,4
TEST_07990,9
TEST_07991,1
TEST_07992,14
TEST_07993,14
TEST_07994,11
TEST_07995,17
TEST_07996,8
TEST_07997,1
TEST_07998,15
TEST_07999,16
TEST_08000,19
TEST_08001,17
TEST_08002,17
TEST_08003,14
TEST_08004,16
TEST_08005,8
TEST_08006,0
TEST_08007,15
TEST_08008,3
TEST_08009,5
TEST_08010,0
TEST_08011,9
TEST_08012,18
TEST_08013,4
TEST_08014,17
TEST_08015,4
TEST_08016,2
TEST_08017,2
TEST_08018,2
TEST_08019,15
TEST_08020,7
TEST_08021,4
TEST_08022,20
TEST_08023,11
TEST_08024,20
TEST_08025,12
TEST_08026,2
TEST_08027,13
TEST_08028,5
TEST_08029,18
TEST_08030,12
TEST_08031,19
TEST_08032,1
TEST_08033,16
TEST_08034,8
TEST_08035,6
TEST_08036,16
TEST_08037,20
TEST_08038,2
TEST_08039,8
TEST_08040,8
TEST_08041,14
TEST_08042,11
TEST_08043,8
TEST_08044,4
TEST_08045,16
TEST_08046,15
TEST_08047,19
TEST_08048,3
TEST_08049,6
TEST_08050,14
TEST_08051,13
TEST_08052,14
TEST_08053,19
TEST_08054,4
TEST_08055,3
TEST_08056,9
TEST_08057,18
TEST_08058,13
TEST_08059,6
TEST_08060,4
TEST_08061,16
TEST_08062,15
TEST_08063,16
TEST_08064,15
TEST_08065,13
TEST_08066,0
TEST_08067,16
TEST_08068,16
TEST_08069,13
TEST_08070,19
TEST_08071,20
TEST_08072,8
TEST_08073,7
TEST_08074,16
TEST_08075,5
TEST_08076,12
TEST_08077,7
TEST_08078,6
TEST_08079,6
TEST_08080,13
TEST_08081,5
TEST_08082,3
TEST_08083,7
TEST_08084,6
TEST_08085,5
TEST_08086,19
TEST_08087,2
TEST_08088,2
TEST_08089,14
TEST_08090,16
TEST_08091,17
TEST_08092,5
TEST_08093,0
TEST_08094,17
TEST_08095,15
TEST_08096,18
TEST_08097,13
TEST_08098,19
TEST_08099,13
TEST_08100,11
TEST_08101,10
TEST_08102,15
TEST_08103,5
TEST_08104,1
TEST_08105,20
TEST_08106,9
TEST_08107,16
TEST_08108,16
TEST_08109,3
TEST_08110,7
TEST_08111,14
TEST_08112,10
TEST_08113,12
TEST_08114,10
TEST_08115,13
TEST_08116,19
TEST_08117,14
TEST_08118,4
TEST_08119,15
TEST_08120,4
TEST_08121,13
TEST_08122,8
TEST_08123,19
TEST_08124,19
TEST_08125,15
TEST_08126,7
TEST_08127,5
TEST_08128,1
TEST_08129,20
TEST_08130,19
TEST_08131,16
TEST_08132,0
TEST_08133,7
TEST_08134,7
TEST_08135,14
TEST_08136,18
TEST_08137,11
TEST_08138,15
TEST_08139,14
TEST_08140,8
TEST_08141,15
TEST_08142,4
TEST_08143,12
TEST_08144,11
TEST_08145,17
TEST_08146,15
TEST_08147,13
TEST_08148,9
TEST_08149,7
TEST_08150,3
TEST_08151,11
TEST_08152,7
TEST_08153,10
TEST_08154,11
TEST_08155,13
TEST_08156,9
TEST_08157,17
TEST_08158,3
TEST_08159,3
TEST_08160,1
TEST_08161,13
TEST_08162,17
TEST_08163,12
TEST_08164,10
TEST_08165,12
TEST_08166,13
TEST_08167,18
TEST_08168,15
TEST_08169,10
TEST_08170,5
TEST_08171,5
TEST_08172,15
TEST_08173,6
TEST_08174,15
TEST_08175,3
TEST_08176,13
TEST_08177,9
TEST_08178,5
TEST_08179,9
TEST_08180,13
TEST_08181,4
TEST_08182,13
TEST_08183,7
TEST_08184,17
TEST_08185,13
TEST_08186,7
TEST_08187,10
TEST_08188,10
TEST_08189,4
TEST_08190,10
TEST_08191,12
TEST_08192,18
TEST_08193,19
TEST_08194,13
TEST_08195,18
TEST_08196,16
TEST_08197,17
TEST_08198,5
TEST_08199,14
TEST_08200,18
TEST_08201,7
TEST_08202,13
TEST_08203,17
TEST_08204,11
TEST_08205,12
TEST_08206,3
TEST_08207,4
TEST_08208,9
TEST_08209,19
TEST_08210,4
TEST_08211,10
TEST_08212,9
TEST_08213,0
TEST_08214,3
TEST_08215,7
TEST_08216,3
TEST_08217,19
TEST_08218,10
TEST_08219,8
TEST_08220,3
TEST_08221,2
TEST_08222,3
TEST_08223,11
TEST_08224,7
TEST_08225,16
TEST_08226,12
TEST_08227,5
TEST_08228,1
TEST_08229,19
TEST_08230,4
TEST_08231,13
TEST_08232,1
TEST_08233,14
TEST_08234,14
TEST_08235,18
TEST_08236,18
TEST_08237,8
TEST_08238,20
TEST_08239,20
TEST_08240,9
TEST_08241,20
TEST_08242,15
TEST_08243,14
TEST_08244,19
TEST_08245,1
TEST_08246,12
TEST_08247,0
TEST_08248,4
TEST_08249,2
TEST_08250,8
TEST_08251,12
TEST_08252,9
TEST_08253,9
TEST_08254,9
TEST_08255,10
TEST_08256,17
TEST_08257,6
TEST_08258,4
TEST_08259,3
TEST_08260,0
TEST_08261,17
TEST_08262,18
TEST_08263,7
TEST_08264,9
TEST_08265,13
TEST_08266,19
TEST_08267,3
TEST_08268,18
TEST_08269,20
TEST_08270,20
TEST_08271,13
TEST_08272,9
TEST_08273,14
TEST_08274,8
TEST_08275,4
TEST_08276,0
TEST_08277,4
TEST_08278,11
TEST_08279,10
TEST_08280,18
TEST_08281,16
TEST_08282,15
TEST_08283,0
TEST_08284,4
TEST_08285,1
TEST_08286,4
TEST_08287,11
TEST_08288,20
TEST_08289,9
TEST_08290,5
TEST_08291,12
TEST_08292,17
TEST_08293,13
TEST_08294,10
TEST_08295,17
TEST_08296,20
TEST_08297,10
TEST_08298,10
TEST_08299,14
TEST_08300,14
TEST_08301,9
TEST_08302,9
TEST_08303,3
TEST_08304,3
TEST_08305,8
TEST_08306,20
TEST_08307,10
TEST_08308,7
TEST_08309,11
TEST_08310,17
TEST_08311,15
TEST_08312,15
TEST_08313,18
TEST_08314,18
TEST_08315,8
TEST_08316,20
TEST_08317,17
TEST_08318,5
TEST_08319,16
TEST_08320,17
TEST_08321,17
TEST_08322,13
TEST_08323,12
TEST_08324,18
TEST_08325,9
TEST_08326,2
TEST_08327,7
TEST_08328,12
TEST_08329,16
TEST_08330,10
TEST_08331,4
TEST_08332,16
TEST_08333,6
TEST_08334,12
TEST_08335,0
TEST_08336,0
TEST_08337,10
TEST_08338,2
TEST_08339,3
TEST_08340,4
TEST_08341,20
TEST_08342,9
TEST_08343,11
TEST_08344,16
TEST_08345,17
TEST_08346,0
TEST_08347,20
TEST_08348,17
TEST_08349,6
TEST_08350,4
TEST_08351,18
TEST_08352,14
TEST_08353,7
TEST_08354,17
TEST_08355,8
TEST_08356,18
TEST_08357,8
TEST_08358,19
TEST_08359,0
TEST_08360,6
TEST_08361,18
TEST_08362,19
TEST_08363,16
TEST_08364,9
TEST_08365,18
TEST_08366,4
TEST_08367,15
TEST_08368,12
TEST_08369,18
TEST_08370,2
TEST_08371,13
TEST_08372,4
TEST_08373,10
TEST_08374,11
TEST_08375,4
TEST_08376,13
TEST_08377,8
TEST_08378,18
TEST_08379,14
TEST_08380,17
TEST_08381,10
TEST_08382,8
TEST_08383,18
TEST_08384,9
TEST_08385,13
TEST_08386,6
TEST_08387,6
TEST_08388,19
TEST_08389,10
TEST_08390,3
TEST_08391,9
TEST_08392,1
TEST_08393,15
TEST_08394,5
TEST_08395,3
TEST_08396,9
TEST_08397,11
TEST_08398,19
TEST_08399,5
TEST_08400,0
TEST_08401,19
TEST_08402,11
TEST_08403,13
TEST_08404,6
TEST_08405,20
TEST_08406,5
TEST_08407,0
TEST_08408,9
TEST_08409,17
TEST_08410,8
TEST_08411,10
TEST_08412,12
TEST_08413,12
TEST_08414,18
TEST_08415,0
TEST_08416,1
TEST_08417,11
TEST_08418,2
TEST_08419,19
TEST_08420,12
TEST_08421,16
TEST_08422,2
TEST_08423,5
TEST_08424,19
TEST_08425,5
TEST_08426,0
TEST_08427,13
TEST_08428,16
TEST_08429,10
TEST_08430,13
TEST_08431,11
TEST_08432,9
TEST_08433,18
TEST_08434,10
TEST_08435,19
TEST_08436,10
TEST_08437,9
TEST_08438,5
TEST_08439,12
TEST_08440,1
TEST_08441,1
TEST_08442,5
TEST_08443,18
TEST_08444,15
TEST_08445,4
TEST_08446,4
TEST_08447,5
TEST_08448,12
TEST_08449,5
TEST_08450,7
TEST_08451,1
TEST_08452,9
TEST_08453,14
TEST_08454,14
TEST_08455,4
TEST_08456,9
TEST_08457,3
TEST_08458,7
TEST_08459,6
TEST_08460,6
TEST_08461,5
TEST_08462,5
TEST_08463,16
TEST_08464,8
TEST_08465,12
TEST_08466,20
TEST_08467,8
TEST_08468,19
TEST_08469,6
TEST_08470,14
TEST_08471,1
TEST_08472,9
TEST_08473,5
TEST_08474,15
TEST_08475,19
TEST_08476,3
TEST_08477,16
TEST_08478,16
TEST_08479,4
TEST_08480,12
TEST_08481,5
TEST_08482,16
TEST_08483,16
TEST_08484,12
TEST_08485,19
TEST_08486,13
TEST_08487,17
TEST_08488,9
TEST_08489,4
TEST_08490,5
TEST_08491,8
TEST_08492,2
TEST_08493,5
TEST_08494,10
TEST_08495,1
TEST_08496,8
TEST_08497,20
TEST_08498,8
TEST_08499,3
TEST_08500,2
TEST_08501,2
TEST_08502,10
TEST_08503,11
TEST_08504,3
TEST_08505,9
TEST_08506,4
TEST_08507,10
TEST_08508,6
TEST_08509,3
TEST_08510,2
TEST_08511,13
TEST_08512,7
TEST_08513,16
TEST_08514,7
TEST_08515,12
TEST_08516,7
TEST_08517,4
TEST_08518,1
TEST_08519,8
TEST_08520,2
TEST_08521,12
TEST_08522,19
TEST_08523,12
TEST_08524,11
TEST_08525,0
TEST_08526,20
TEST_08527,6
TEST_08528,0
TEST_08529,8
TEST_08530,8
TEST_08531,18
TEST_08532,5
TEST_08533,14
TEST_08534,18
TEST_08535,7
TEST_08536,16
TEST_08537,7
TEST_08538,6
TEST_08539,13
TEST_08540,13
TEST_08541,20
TEST_08542,20
TEST_08543,9
TEST_08544,8
TEST_08545,12
TEST_08546,15
TEST_08547,3
TEST_08548,4
TEST_08549,10
TEST_08550,7
TEST_08551,15
TEST_08552,14
TEST_08553,7
TEST_08554,20
TEST_08555,16
TEST_08556,16
TEST_08557,9
TEST_08558,4
TEST_08559,5
TEST_08560,7
TEST_08561,14
TEST_08562,9
TEST_08563,5
TEST_08564,20
TEST_08565,5
TEST_08566,8
TEST_08567,8
TEST_08568,1
TEST_08569,17
TEST_08570,3
TEST_08571,12
TEST_08572,1
TEST_08573,16
TEST_08574,18
TEST_08575,19
TEST_08576,2
TEST_08577,0
TEST_08578,9
TEST_08579,3
TEST_08580,10
TEST_08581,8
TEST_08582,7
TEST_08583,5
TEST_08584,16
TEST_08585,10
TEST_08586,11
TEST_08587,20
TEST_08588,19
TEST_08589,10
TEST_08590,8
TEST_08591,17
TEST_08592,16
TEST_08593,2
TEST_08594,13
TEST_08595,20
TEST_08596,0
TEST_08597,0
TEST_08598,12
TEST_08599,20
TEST_08600,4
TEST_08601,20
TEST_08602,11
TEST_08603,15
TEST_08604,3
TEST_08605,14
TEST_08606,20
TEST_08607,13
TEST_08608,9
TEST_08609,6
TEST_08610,5
TEST_08611,15
TEST_08612,2
TEST_08613,15
TEST_08614,0
TEST_08615,19
TEST_08616,12
TEST_08617,16
TEST_08618,3
TEST_08619,8
TEST_08620,2
TEST_08621,1
TEST_08622,16
TEST_08623,10
TEST_08624,2
TEST_08625,2
TEST_08626,6
TEST_08627,7
TEST_08628,1
TEST_08629,7
TEST_08630,9
TEST_08631,13
TEST_08632,11
TEST_08633,19
TEST_08634,9
TEST_08635,11
TEST_08636,15
TEST_08637,15
TEST_08638,3
TEST_08639,17
TEST_08640,12
TEST_08641,8
TEST_08642,7
TEST_08643,2
TEST_08644,14
TEST_08645,15
TEST_08646,6
TEST_08647,7
TEST_08648,1
TEST_08649,6
TEST_08650,9
TEST_08651,5
TEST_08652,11
TEST_08653,11
TEST_08654,2
TEST_08655,16
TEST_08656,8
TEST_08657,10
TEST_08658,7
TEST_08659,14
TEST_08660,14
TEST_08661,18
TEST_08662,17
TEST_08663,4
TEST_08664,17
TEST_08665,19
TEST_08666,17
TEST_08667,15
TEST_08668,12
TEST_08669,4
TEST_08670,20
TEST_08671,7
TEST_08672,3
TEST_08673,6
TEST_08674,16
TEST_08675,1
TEST_08676,0
TEST_08677,4
TEST_08678,18
TEST_08679,9
TEST_08680,14
TEST_08681,8
TEST_08682,10
TEST_08683,14
TEST_08684,11
TEST_08685,13
TEST_08686,16
TEST_08687,15
TEST_08688,11
TEST_08689,14
TEST_08690,4
TEST_08691,14
TEST_08692,18
TEST_08693,3
TEST_08694,6
TEST_08695,6
TEST_08696,8
TEST_08697,9
TEST_08698,9
TEST_08699,1
TEST_08700,8
TEST_08701,6
TEST_08702,1
TEST_08703,2
TEST_08704,18
TEST_08705,17
TEST_08706,18
TEST_08707,18
TEST_08708,3
TEST_08709,19
TEST_08710,14
TEST_08711,12
TEST_08712,15
TEST_08713,4
TEST_08714,2
TEST_08715,20
TEST_08716,8
TEST_08717,5
TEST_08718,9
TEST_08719,6
TEST_08720,16
TEST_08721,2
TEST_08722,1
TEST_08723,19
TEST_08724,3
TEST_08725,6
TEST_08726,14
TEST_08727,15
TEST_08728,14
TEST_08729,8
TEST_08730,7
TEST_08731,19
TEST_08732,18
TEST_08733,0
TEST_08734,20
TEST_08735,14
TEST_08736,10
TEST_08737,14
TEST_08738,6
TEST_08739,11
TEST_08740,5
TEST_08741,6
TEST_08742,15
TEST_08743,19
TEST_08744,1
TEST_08745,19
TEST_08746,11
TEST_08747,0
TEST_08748,1
TEST_08749,1
TEST_08750,7
TEST_08751,8
TEST_08752,5
TEST_08753,1
TEST_08754,19
TEST_08755,3
TEST_08756,15
TEST_08757,0
TEST_08758,17
TEST_08759,7
TEST_08760,19
TEST_08761,7
TEST_08762,0
TEST_08763,20
TEST_08764,14
TEST_08765,18
TEST_08766,16
TEST_08767,17
TEST_08768,20
TEST_08769,8
TEST_08770,15
TEST_08771,8
TEST_08772,8
TEST_08773,4
TEST_08774,2
TEST_08775,15
TEST_08776,3
TEST_08777,14
TEST_08778,8
TEST_08779,13
TEST_08780,14
TEST_08781,14
TEST_08782,19
TEST_08783,0
TEST_08784,5
TEST_08785,19
TEST_08786,2
TEST_08787,11
TEST_08788,19
TEST_08789,1
TEST_08790,2
TEST_08791,3
TEST_08792,15
TEST_08793,17
TEST_08794,15
TEST_08795,16
TEST_08796,3
TEST_08797,6
TEST_08798,2
TEST_08799,3
TEST_08800,9
TEST_08801,14
TEST_08802,19
TEST_08803,14
TEST_08804,16
TEST_08805,14
TEST_08806,6
TEST_08807,7
TEST_08808,2
TEST_08809,6
TEST_08810,0
TEST_08811,9
TEST_08812,6
TEST_08813,12
TEST_08814,19
TEST_08815,5
TEST_08816,16
TEST_08817,12
TEST_08818,14
TEST_08819,0
TEST_08820,17
TEST_08821,14
TEST_08822,11
TEST_08823,19
TEST_08824,18
TEST_08825,3
TEST_08826,17
TEST_08827,7
TEST_08828,0
TEST_08829,13
TEST_08830,6
TEST_08831,10
TEST_08832,16
TEST_08833,2
TEST_08834,6
TEST_08835,5
TEST_08836,4
TEST_08837,7
TEST_08838,6
TEST_08839,19
TEST_08840,12
TEST_08841,20
TEST_08842,16
TEST_08843,0
TEST_08844,16
TEST_08845,10
TEST_08846,17
TEST_08847,0
TEST_08848,19
TEST_08849,0
TEST_08850,12
TEST_08851,7
TEST_08852,0
TEST_08853,19
TEST_08854,3
TEST_08855,1
TEST_08856,11
TEST_08857,14
TEST_08858,5
TEST_08859,18
TEST_08860,0
TEST_08861,17
TEST_08862,16
TEST_08863,20
TEST_08864,4
TEST_08865,9
TEST_08866,17
TEST_08867,11
TEST_08868,9
TEST_08869,0
TEST_08870,8
TEST_08871,18
TEST_08872,8
TEST_08873,12
TEST_08874,11
TEST_08875,19
TEST_08876,0
TEST_08877,16
TEST_08878,5
TEST_08879,11
TEST_08880,3
TEST_08881,19
TEST_08882,11
TEST_08883,2
TEST_08884,4
TEST_08885,18
TEST_08886,1
TEST_08887,2
TEST_08888,2
TEST_08889,5
TEST_08890,13
TEST_08891,14
TEST_08892,10
TEST_08893,12
TEST_08894,14
TEST_08895,0
TEST_08896,20
TEST_08897,7
TEST_08898,15
TEST_08899,7
TEST_08900,5
TEST_08901,13
TEST_08902,4
TEST_08903,6
TEST_08904,3
TEST_08905,10
TEST_08906,12
TEST_08907,15
TEST_08908,12
TEST_08909,10
TEST_08910,13
TEST_08911,16
TEST_08912,0
TEST_08913,11
TEST_08914,12
TEST_08915,19
TEST_08916,13
TEST_08917,19
TEST_08918,1
TEST_08919,6
TEST_08920,9
TEST_08921,13
TEST_08922,14
TEST_08923,2
TEST_08924,8
TEST_08925,7
TEST_08926,15
TEST_08927,19
TEST_08928,16
TEST_08929,20
TEST_08930,16
TEST_08931,12
TEST_08932,2
TEST_08933,18
TEST_08934,13
TEST_08935,5
TEST_08936,19
TEST_08937,16
TEST_08938,12
TEST_08939,20
TEST_08940,11
TEST_08941,7
TEST_08942,11
TEST_08943,8
TEST_08944,1
TEST_08945,6
TEST_08946,15
TEST_08947,13
TEST_08948,19
TEST_08949,11
TEST_08950,14
TEST_08951,13
TEST_08952,17
TEST_08953,13
TEST_08954,18
TEST_08955,18
TEST_08956,3
TEST_08957,8
TEST_08958,7
TEST_08959,16
TEST_08960,17
TEST_08961,4
TEST_08962,16
TEST_08963,20
TEST_08964,15
TEST_08965,12
TEST_08966,19
TEST_08967,17
TEST_08968,11
TEST_08969,2
TEST_08970,0
TEST_08971,3
TEST_08972,14
TEST_08973,14
TEST_08974,6
TEST_08975,16
TEST_08976,18
TEST_08977,20
TEST_08978,3
TEST_08979,2
TEST_08980,2
TEST_08981,4
TEST_08982,8
TEST_08983,0
TEST_08984,18
TEST_08985,13
TEST_08986,4
TEST_08987,10
TEST_08988,11
TEST_08989,19
TEST_08990,7
TEST_08991,16
TEST_08992,3
TEST_08993,2
TEST_08994,4
TEST_08995,9
TEST_08996,4
TEST_08997,17
TEST_08998,10
TEST_08999,10
TEST_09000,17
TEST_09001,17
TEST_09002,16
TEST_09003,10
TEST_09004,11
TEST_09005,16
TEST_09006,7
TEST_09007,16
TEST_09008,19
TEST_09009,5
TEST_09010,19
TEST_09011,0
TEST_09012,18
TEST_09013,14
TEST_09014,9
TEST_09015,16
TEST_09016,18
TEST_09017,0
TEST_09018,17
TEST_09019,3
TEST_09020,18
TEST_09021,2
TEST_09022,7
TEST_09023,8
TEST_09024,8
TEST_09025,11
TEST_09026,1
TEST_09027,8
TEST_09028,14
TEST_09029,16
TEST_09030,9
TEST_09031,17
TEST_09032,15
TEST_09033,5
TEST_09034,8
TEST_09035,6
TEST_09036,2
TEST_09037,5
TEST_09038,18
TEST_09039,1
TEST_09040,15
TEST_09041,18
TEST_09042,19
TEST_09043,17
TEST_09044,10
TEST_09045,13
TEST_09046,3
TEST_09047,11
TEST_09048,6
TEST_09049,15
TEST_09050,15
TEST_09051,5
TEST_09052,20
TEST_09053,19
TEST_09054,12
TEST_09055,13
TEST_09056,13
TEST_09057,4
TEST_09058,5
TEST_09059,17
TEST_09060,4
TEST_09061,6
TEST_09062,11
TEST_09063,19
TEST_09064,5
TEST_09065,7
TEST_09066,2
TEST_09067,13
TEST_09068,14
TEST_09069,11
TEST_09070,2
TEST_09071,4
TEST_09072,17
TEST_09073,3
TEST_09074,9
TEST_09075,18
TEST_09076,2
TEST_09077,4
TEST_09078,12
TEST_09079,7
TEST_09080,6
TEST_09081,16
TEST_09082,1
TEST_09083,17
TEST_09084,11
TEST_09085,13
TEST_09086,15
TEST_09087,8
TEST_09088,18
TEST_09089,1
TEST_09090,20
TEST_09091,17
TEST_09092,15
TEST_09093,11
TEST_09094,7
TEST_09095,5
TEST_09096,19
TEST_09097,0
TEST_09098,19
TEST_09099,16
TEST_09100,15
TEST_09101,13
TEST_09102,17
TEST_09103,2
TEST_09104,11
TEST_09105,14
TEST_09106,3
TEST_09107,12
TEST_09108,7
TEST_09109,3
TEST_09110,1
TEST_09111,20
TEST_09112,6
TEST_09113,6
TEST_09114,18
TEST_09115,15
TEST_09116,11
TEST_09117,11
TEST_09118,10
TEST_09119,7
TEST_09120,20
TEST_09121,6
TEST_09122,5
TEST_09123,20
TEST_09124,6
TEST_09125,17
TEST_09126,17
TEST_09127,5
TEST_09128,13
TEST_09129,12
TEST_09130,12
TEST_09131,16
TEST_09132,16
TEST_09133,8
TEST_09134,15
TEST_09135,10
TEST_09136,5
TEST_09137,9
TEST_09138,8
TEST_09139,7
TEST_09140,5
TEST_09141,14
TEST_09142,11
TEST_09143,17
TEST_09144,12
TEST_09145,1
TEST_09146,12
TEST_09147,14
TEST_09148,3
TEST_09149,2
TEST_09150,17
TEST_09151,13
TEST_09152,0
TEST_09153,15
TEST_09154,10
TEST_09155,11
TEST_09156,13
TEST_09157,5
TEST_09158,9
TEST_09159,4
TEST_09160,19
TEST_09161,4
TEST_09162,11
TEST_09163,18
TEST_09164,3
TEST_09165,5
TEST_09166,20
TEST_09167,1
TEST_09168,2
TEST_09169,4
TEST_09170,18
TEST_09171,9
TEST_09172,12
TEST_09173,7
TEST_09174,13
TEST_09175,2
TEST_09176,3
TEST_09177,13
TEST_09178,18
TEST_09179,13
TEST_09180,5
TEST_09181,3
TEST_09182,9
TEST_09183,5
TEST_09184,17
TEST_09185,8
TEST_09186,19
TEST_09187,15
TEST_09188,19
TEST_09189,18
TEST_09190,6
TEST_09191,8
TEST_09192,9
TEST_09193,16
TEST_09194,20
TEST_09195,2
TEST_09196,14
TEST_09197,11
TEST_09198,9
TEST_09199,18
TEST_09200,18
TEST_09201,19
TEST_09202,1
TEST_09203,13
TEST_09204,18
TEST_09205,12
TEST_09206,7
TEST_09207,18
TEST_09208,17
TEST_09209,5
TEST_09210,20
TEST_09211,1
TEST_09212,3
TEST_09213,19
TEST_09214,14
TEST_09215,7
TEST_09216,5
TEST_09217,19
TEST_09218,15
TEST_09219,19
TEST_09220,20
TEST_09221,18
TEST_09222,14
TEST_09223,7
TEST_09224,10
TEST_09225,2
TEST_09226,14
TEST_09227,6
TEST_09228,14
TEST_09229,1
TEST_09230,6
TEST_09231,2
TEST_09232,16
TEST_09233,17
TEST_09234,20
TEST_09235,19
TEST_09236,11
TEST_09237,2
TEST_09238,10
TEST_09239,14
TEST_09240,6
TEST_09241,18
TEST_09242,6
TEST_09243,0
TEST_09244,1
TEST_09245,19
TEST_09246,6
TEST_09247,17
TEST_09248,19
TEST_09249,15
TEST_09250,17
TEST_09251,20
TEST_09252,14
TEST_09253,3
TEST_09254,18
TEST_09255,11
TEST_09256,18
TEST_09257,14
TEST_09258,11
TEST_09259,5
TEST_09260,9
TEST_09261,10
TEST_09262,10
TEST_09263,5
TEST_09264,1
TEST_09265,7
TEST_09266,15
TEST_09267,18
TEST_09268,4
TEST_09269,11
TEST_09270,5
TEST_09271,17
TEST_09272,11
TEST_09273,8
TEST_09274,12
TEST_09275,1
TEST_09276,10
TEST_09277,17
TEST_09278,7
TEST_09279,0
TEST_09280,10
TEST_09281,15
TEST_09282,19
TEST_09283,16
TEST_09284,10
TEST_09285,3
TEST_09286,3
TEST_09287,20
TEST_09288,17
TEST_09289,9
TEST_09290,12
TEST_09291,13
TEST_09292,6
TEST_09293,9
TEST_09294,18
TEST_09295,6
TEST_09296,13
TEST_09297,0
TEST_09298,5
TEST_09299,2
TEST_09300,4
TEST_09301,16
TEST_09302,10
TEST_09303,2
TEST_09304,13
TEST_09305,15
TEST_09306,0
TEST_09307,4
TEST_09308,2
TEST_09309,11
TEST_09310,2
TEST_09311,2
TEST_09312,6
TEST_09313,6
TEST_09314,7
TEST_09315,2
TEST_09316,20
TEST_09317,12
TEST_09318,10
TEST_09319,20
TEST_09320,13
TEST_09321,17
TEST_09322,18
TEST_09323,1
TEST_09324,16
TEST_09325,7
TEST_09326,0
TEST_09327,10
TEST_09328,16
TEST_09329,0
TEST_09330,13
TEST_09331,18
TEST_09332,3
TEST_09333,3
TEST_09334,5
TEST_09335,14
TEST_09336,18
TEST_09337,0
TEST_09338,2
TEST_09339,8
TEST_09340,2
TEST_09341,1
TEST_09342,7
TEST_09343,10
TEST_09344,5
TEST_09345,3
TEST_09346,5
TEST_09347,15
TEST_09348,9
TEST_09349,5
TEST_09350,6
TEST_09351,1
TEST_09352,10
TEST_09353,16
TEST_09354,10
TEST_09355,5
TEST_09356,20
TEST_09357,5
TEST_09358,3
TEST_09359,15
TEST_09360,19
TEST_09361,2
TEST_09362,20
TEST_09363,17
TEST_09364,12
TEST_09365,3
TEST_09366,3
TEST_09367,12
TEST_09368,10
TEST_09369,15
TEST_09370,1
TEST_09371,16
TEST_09372,19
TEST_09373,5
TEST_09374,9
TEST_09375,15
TEST_09376,10
TEST_09377,7
TEST_09378,20
TEST_09379,9
TEST_09380,4
TEST_09381,16
TEST_09382,11
TEST_09383,17
TEST_09384,18
TEST_09385,17
TEST_09386,9
TEST_09387,10
TEST_09388,10
TEST_09389,9
TEST_09390,15
TEST_09391,20
TEST_09392,16
TEST_09393,9
TEST_09394,20
TEST_09395,9
TEST_09396,1
TEST_09397,15
TEST_09398,20
TEST_09399,20
TEST_09400,7
TEST_09401,13
TEST_09402,13
TEST_09403,16
TEST_09404,14
TEST_09405,0
TEST_09406,14
TEST_09407,5
TEST_09408,16
TEST_09409,12
TEST_09410,7
TEST_09411,11
TEST_09412,8
TEST_09413,11
TEST_09414,4
TEST_09415,3
TEST_09416,9
TEST_09417,16
TEST_09418,7
TEST_09419,2
TEST_09420,7
TEST_09421,1
TEST_09422,1
TEST_09423,1
TEST_09424,18
TEST_09425,5
TEST_09426,18
TEST_09427,5
TEST_09428,13
TEST_09429,8
TEST_09430,12
TEST_09431,11
TEST_09432,18
TEST_09433,7
TEST_09434,9
TEST_09435,5
TEST_09436,8
TEST_09437,5
TEST_09438,5
TEST_09439,17
TEST_09440,20
TEST_09441,12
TEST_09442,14
TEST_09443,11
TEST_09444,5
TEST_09445,2
TEST_09446,0
TEST_09447,12
TEST_09448,15
TEST_09449,16
TEST_09450,2
TEST_09451,17
TEST_09452,10
TEST_09453,11
TEST_09454,19
TEST_09455,1
TEST_09456,6
TEST_09457,20
TEST_09458,5
TEST_09459,1
TEST_09460,2
TEST_09461,7
TEST_09462,7
TEST_09463,13
TEST_09464,15
TEST_09465,11
TEST_09466,3
TEST_09467,2
TEST_09468,10
TEST_09469,1
TEST_09470,17
TEST_09471,5
TEST_09472,17
TEST_09473,13
TEST_09474,5
TEST_09475,9
TEST_09476,20
TEST_09477,17
TEST_09478,10
TEST_09479,11
TEST_09480,20
TEST_09481,10
TEST_09482,17
TEST_09483,5
TEST_09484,8
TEST_09485,18
TEST_09486,9
TEST_09487,3
TEST_09488,3
TEST_09489,10
TEST_09490,18
TEST_09491,12
TEST_09492,1
TEST_09493,6
TEST_09494,19
TEST_09495,3
TEST_09496,0
TEST_09497,13
TEST_09498,4
TEST_09499,2
TEST_09500,14
TEST_09501,5
TEST_09502,5
TEST_09503,12
TEST_09504,19
TEST_09505,15
TEST_09506,20
TEST_09507,19
TEST_09508,12
TEST_09509,0
TEST_09510,15
TEST_09511,14
TEST_09512,11
TEST_09513,20
TEST_09514,8
TEST_09515,14
TEST_09516,8
TEST_09517,3
TEST_09518,20
TEST_09519,6
TEST_09520,16
TEST_09521,11
TEST_09522,19
TEST_09523,0
TEST_09524,18
TEST_09525,1
TEST_09526,4
TEST_09527,7
TEST_09528,16
TEST_09529,0
TEST_09530,3
TEST_09531,16
TEST_09532,0
TEST_09533,7
TEST_09534,15
TEST_09535,18
TEST_09536,10
TEST_09537,6
TEST_09538,5
TEST_09539,0
TEST_09540,2
TEST_09541,8
TEST_09542,1
TEST_09543,8
TEST_09544,16
TEST_09545,4
TEST_09546,0
TEST_09547,1
TEST_09548,6
TEST_09549,10
TEST_09550,12
TEST_09551,15
TEST_09552,0
TEST_09553,9
TEST_09554,0
TEST_09555,16
TEST_09556,15
TEST_09557,18
TEST_09558,15
TEST_09559,5
TEST_09560,5
TEST_09561,3
TEST_09562,14
TEST_09563,15
TEST_09564,1
TEST_09565,15
TEST_09566,10
TEST_09567,14
TEST_09568,13
TEST_09569,11
TEST_09570,16
TEST_09571,1
TEST_09572,16
TEST_09573,18
TEST_09574,8
TEST_09575,18
TEST_09576,20
TEST_09577,14
TEST_09578,13
TEST_09579,2
TEST_09580,19
TEST_09581,1
TEST_09582,2
TEST_09583,7
TEST_09584,14
TEST_09585,7
TEST_09586,15
TEST_09587,1
TEST_09588,6
TEST_09589,5
TEST_09590,8
TEST_09591,5
TEST_09592,9
TEST_09593,18
TEST_09594,5
TEST_09595,17
TEST_09596,6
TEST_09597,19
TEST_09598,5
TEST_09599,10
TEST_09600,13
TEST_09601,16
TEST_09602,14
TEST_09603,16
TEST_09604,3
TEST_09605,8
TEST_09606,15
TEST_09607,20
TEST_09608,3
TEST_09609,7
TEST_09610,16
TEST_09611,0
TEST_09612,9
TEST_09613,15
TEST_09614,20
TEST_09615,19
TEST_09616,13
TEST_09617,11
TEST_09618,13
TEST_09619,1
TEST_09620,13
TEST_09621,0
TEST_09622,9
TEST_09623,10
TEST_09624,16
TEST_09625,15
TEST_09626,15
TEST_09627,4
TEST_09628,5
TEST_09629,15
TEST_09630,11
TEST_09631,8
TEST_09632,7
TEST_09633,7
TEST_09634,9
TEST_09635,17
TEST_09636,20
TEST_09637,2
TEST_09638,0
TEST_09639,19
TEST_09640,4
TEST_09641,6
TEST_09642,6
TEST_09643,18
TEST_09644,2
TEST_09645,14
TEST_09646,1
TEST_09647,19
TEST_09648,15
TEST_09649,15
TEST_09650,16
TEST_09651,5
TEST_09652,15
TEST_09653,19
TEST_09654,16
TEST_09655,8
TEST_09656,17
TEST_09657,8
TEST_09658,13
TEST_09659,4
TEST_09660,14
TEST_09661,12
TEST_09662,15
TEST_09663,2
TEST_09664,4
TEST_09665,3
TEST_09666,3
TEST_09667,10
TEST_09668,8
TEST_09669,11
TEST_09670,14
TEST_09671,16
TEST_09672,9
TEST_09673,14
TEST_09674,12
TEST_09675,17
TEST_09676,20
TEST_09677,10
TEST_09678,19
TEST_09679,5
TEST_09680,10
TEST_09681,12
TEST_09682,11
TEST_09683,13
TEST_09684,7
TEST_09685,4
TEST_09686,19
TEST_09687,12
TEST_09688,0
TEST_09689,9
TEST_09690,9
TEST_09691,14
TEST_09692,6
TEST_09693,14
TEST_09694,6
TEST_09695,2
TEST_09696,20
TEST_09697,14
TEST_09698,8
TEST_09699,18
TEST_09700,9
TEST_09701,6
TEST_09702,1
TEST_09703,7
TEST_09704,12
TEST_09705,8
TEST_09706,16
TEST_09707,0
TEST_09708,5
TEST_09709,6
TEST_09710,10
TEST_09711,9
TEST_09712,15
TEST_09713,7
TEST_09714,2
TEST_09715,7
TEST_09716,2
TEST_09717,9
TEST_09718,4
TEST_09719,8
TEST_09720,11
TEST_09721,0
TEST_09722,13
TEST_09723,13
TEST_09724,19
TEST_09725,3
TEST_09726,1
TEST_09727,3
TEST_09728,14
TEST_09729,7
TEST_09730,14
TEST_09731,19
TEST_09732,5
TEST_09733,4
TEST_09734,17
TEST_09735,2
TEST_09736,16
TEST_09737,19
TEST_09738,12
TEST_09739,2
TEST_09740,14
TEST_09741,9
TEST_09742,16
TEST_09743,12
TEST_09744,4
TEST_09745,11
TEST_09746,4
TEST_09747,6
TEST_09748,5
TEST_09749,5
TEST_09750,5
TEST_09751,14
TEST_09752,12
TEST_09753,16
TEST_09754,18
TEST_09755,2
TEST_09756,19
TEST_09757,13
TEST_09758,20
TEST_09759,11
TEST_09760,4
TEST_09761,7
TEST_09762,9
TEST_09763,7
TEST_09764,2
TEST_09765,8
TEST_09766,8
TEST_09767,6
TEST_09768,14
TEST_09769,14
TEST_09770,8
TEST_09771,5
TEST_09772,7
TEST_09773,5
TEST_09774,16
TEST_09775,14
TEST_09776,14
TEST_09777,4
TEST_09778,19
TEST_09779,1
TEST_09780,9
TEST_09781,3
TEST_09782,16
TEST_09783,19
TEST_09784,5
TEST_09785,16
TEST_09786,0
TEST_09787,2
TEST_09788,14
TEST_09789,7
TEST_09790,9
TEST_09791,8
TEST_09792,3
TEST_09793,11
TEST_09794,9
TEST_09795,19
TEST_09796,15
TEST_09797,20
TEST_09798,0
TEST_09799,13
TEST_09800,7
TEST_09801,8
TEST_09802,7
TEST_09803,13
TEST_09804,14
TEST_09805,10
TEST_09806,11
TEST_09807,18
TEST_09808,2
TEST_09809,16
TEST_09810,11
TEST_09811,7
TEST_09812,14
TEST_09813,9
TEST_09814,19
TEST_09815,16
TEST_09816,16
TEST_09817,1
TEST_09818,6
TEST_09819,6
TEST_09820,5
TEST_09821,13
TEST_09822,19
TEST_09823,14
TEST_09824,10
TEST_09825,7
TEST_09826,19
TEST_09827,12
TEST_09828,16
TEST_09829,2
TEST_09830,1
TEST_09831,14
TEST_09832,13
TEST_09833,11
TEST_09834,4
TEST_09835,6
TEST_09836,20
TEST_09837,7
TEST_09838,1
TEST_09839,9
TEST_09840,10
TEST_09841,18
TEST_09842,8
TEST_09843,12
TEST_09844,7
TEST_09845,9
TEST_09846,2
TEST_09847,20
TEST_09848,3
TEST_09849,8
TEST_09850,10
TEST_09851,15
TEST_09852,13
TEST_09853,5
TEST_09854,14
TEST_09855,13
TEST_09856,13
TEST_09857,0
TEST_09858,16
TEST_09859,5
TEST_09860,4
TEST_09861,10
TEST_09862,1
TEST_09863,19
TEST_09864,18
TEST_09865,5
TEST_09866,17
TEST_09867,1
TEST_09868,16
TEST_09869,11
TEST_09870,16
TEST_09871,19
TEST_09872,12
TEST_09873,6
TEST_09874,12
TEST_09875,6
TEST_09876,13
TEST_09877,19
TEST_09878,0
TEST_09879,18
TEST_09880,16
TEST_09881,8
TEST_09882,13
TEST_09883,10
TEST_09884,5
TEST_09885,17
TEST_09886,12
TEST_09887,11
TEST_09888,10
TEST_09889,17
TEST_09890,6
TEST_09891,14
TEST_09892,1
TEST_09893,0
TEST_09894,13
TEST_09895,2
TEST_09896,2
TEST_09897,20
TEST_09898,1
TEST_09899,6
TEST_09900,11
TEST_09901,8
TEST_09902,15
TEST_09903,10
TEST_09904,18
TEST_09905,13
TEST_09906,16
TEST_09907,18
TEST_09908,16
TEST_09909,2
TEST_09910,0
TEST_09911,15
TEST_09912,11
TEST_09913,0
TEST_09914,4
TEST_09915,1
TEST_09916,0
TEST_09917,14
TEST_09918,5
TEST_09919,8
TEST_09920,15
TEST_09921,18
TEST_09922,5
TEST_09923,17
TEST_09924,3
TEST_09925,13
TEST_09926,4
TEST_09927,0
TEST_09928,6
TEST_09929,10
TEST_09930,3
TEST_09931,2
TEST_09932,17
TEST_09933,0
TEST_09934,6
TEST_09935,8
TEST_09936,13
TEST_09937,2
TEST_09938,2
TEST_09939,11
TEST_09940,20
TEST_09941,11
TEST_09942,16
TEST_09943,20
TEST_09944,7
TEST_09945,16
TEST_09946,5
TEST_09947,12
TEST_09948,11
TEST_09949,7
TEST_09950,8
TEST_09951,13
TEST_09952,2
TEST_09953,11
TEST_09954,2
TEST_09955,20
TEST_09956,14
TEST_09957,20
TEST_09958,20
TEST_09959,12
TEST_09960,14
TEST_09961,16
TEST_09962,20
TEST_09963,11
TEST_09964,15
TEST_09965,11
TEST_09966,20
TEST_09967,10
TEST_09968,7
TEST_09969,13
TEST_09970,9
TEST_09971,18
TEST_09972,0
TEST_09973,1
TEST_09974,0
TEST_09975,9
TEST_09976,14
TEST_09977,19
TEST_09978,9
TEST_09979,3
TEST_09980,17
TEST_09981,20
TEST_09982,12
TEST_09983,20
TEST_09984,7
TEST_09985,17
TEST_09986,15
TEST_09987,13
TEST_09988,11
TEST_09989,2
TEST_09990,18
TEST_09991,18
TEST_09992,12
TEST_09993,18
TEST_09994,18
TEST_09995,16
TEST_09996,19
TEST_09997,6
TEST_09998,3
TEST_09999,17
TEST_10000,2
TEST_10001,6
TEST_10002,5
TEST_10003,0
TEST_10004,6
TEST_10005,3
TEST_10006,6
TEST_10007,8
TEST_10008,5
TEST_10009,9
TEST_10010,12
TEST_10011,0
TEST_10012,7
TEST_10013,3
TEST_10014,13
TEST_10015,8
TEST_10016,7
TEST_10017,15
TEST_10018,13
TEST_10019,18
TEST_10020,4
TEST_10021,3
TEST_10022,2
TEST_10023,12
TEST_10024,0
TEST_10025,11
TEST_10026,19
TEST_10027,14
TEST_10028,9
TEST_10029,15
TEST_10030,2
TEST_10031,13
TEST_10032,5
TEST_10033,4
TEST_10034,8
TEST_10035,7
TEST_10036,0
TEST_10037,17
TEST_10038,6
TEST_10039,15
TEST_10040,15
TEST_10041,13
TEST_10042,20
TEST_10043,3
TEST_10044,9
TEST_10045,4
TEST_10046,9
TEST_10047,2
TEST_10048,1
TEST_10049,2
TEST_10050,17
TEST_10051,16
TEST_10052,12
TEST_10053,17
TEST_10054,5
TEST_10055,9
TEST_10056,9
TEST_10057,7
TEST_10058,18
TEST_10059,0
TEST_10060,9
TEST_10061,3
TEST_10062,1
TEST_10063,4
TEST_10064,8
TEST_10065,19
TEST_10066,20
TEST_10067,20
TEST_10068,10
TEST_10069,7
TEST_10070,2
TEST_10071,13
TEST_10072,14
TEST_10073,13
TEST_10074,6
TEST_10075,0
TEST_10076,2
TEST_10077,0
TEST_10078,13
TEST_10079,16
TEST_10080,8
TEST_10081,10
TEST_10082,18
TEST_10083,19
TEST_10084,6
TEST_10085,1
TEST_10086,18
TEST_10087,18
TEST_10088,18
TEST_10089,3
TEST_10090,18
TEST_10091,20
TEST_10092,15
TEST_10093,14
TEST_10094,1
TEST_10095,3
TEST_10096,4
TEST_10097,13
TEST_10098,12
TEST_10099,3
TEST_10100,5
TEST_10101,20
TEST_10102,4
TEST_10103,20
TEST_10104,13
TEST_10105,2
TEST_10106,0
TEST_10107,3
TEST_10108,13
TEST_10109,2
TEST_10110,4
TEST_10111,5
TEST_10112,7
TEST_10113,9
TEST_10114,18
TEST_10115,20
TEST_10116,20
TEST_10117,8
TEST_10118,1
TEST_10119,1
TEST_10120,0
TEST_10121,19
TEST_10122,7
TEST_10123,16
TEST_10124,12
TEST_10125,12
TEST_10126,2
TEST_10127,19
TEST_10128,11
TEST_10129,11
TEST_10130,2
TEST_10131,5
TEST_10132,17
TEST_10133,17
TEST_10134,19
TEST_10135,10
TEST_10136,18
TEST_10137,7
TEST_10138,4
TEST_10139,12
TEST_10140,20
TEST_10141,8
TEST_10142,11
TEST_10143,19
TEST_10144,6
TEST_10145,1
TEST_10146,18
TEST_10147,20
TEST_10148,12
TEST_10149,6
TEST_10150,2
TEST_10151,0
TEST_10152,11
TEST_10153,1
TEST_10154,16
TEST_10155,13
TEST_10156,2
TEST_10157,18
TEST_10158,5
TEST_10159,13
TEST_10160,14
TEST_10161,6
TEST_10162,5
TEST_10163,1
TEST_10164,9
TEST_10165,20
TEST_10166,3
TEST_10167,19
TEST_10168,19
TEST_10169,6
TEST_10170,6
TEST_10171,3
TEST_10172,8
TEST_10173,16
TEST_10174,11
TEST_10175,13
TEST_10176,5
TEST_10177,7
TEST_10178,14
TEST_10179,11
TEST_10180,8
TEST_10181,15
TEST_10182,7
TEST_10183,5
TEST_10184,20
TEST_10185,17
TEST_10186,12
TEST_10187,0
TEST_10188,17
TEST_10189,18
TEST_10190,7
TEST_10191,19
TEST_10192,13
TEST_10193,13
TEST_10194,14
TEST_10195,17
TEST_10196,0
TEST_10197,8
TEST_10198,3
TEST_10199,18
TEST_10200,11
TEST_10201,13
TEST_10202,4
TEST_10203,18
TEST_10204,6
TEST_10205,6
TEST_10206,8
TEST_10207,17
TEST_10208,18
TEST_10209,19
TEST_10210,10
TEST_10211,7
TEST_10212,10
TEST_10213,13
TEST_10214,15
TEST_10215,20
TEST_10216,19
TEST_10217,2
TEST_10218,0
TEST_10219,0
TEST_10220,6
TEST_10221,8
TEST_10222,4
TEST_10223,12
TEST_10224,1
TEST_10225,18
TEST_10226,2
TEST_10227,19
TEST_10228,15
TEST_10229,9
TEST_10230,10
TEST_10231,10
TEST_10232,5
TEST_10233,4
TEST_10234,12
TEST_10235,3
TEST_10236,13
TEST_10237,7
TEST_10238,2
TEST_10239,20
TEST_10240,12
TEST_10241,11
TEST_10242,2
TEST_10243,13
TEST_10244,3
TEST_10245,11
TEST_10246,5
TEST_10247,18
TEST_10248,17
TEST_10249,11
TEST_10250,7
TEST_10251,13
TEST_10252,2
TEST_10253,0
TEST_10254,18
TEST_10255,20
TEST_10256,16
TEST_10257,6
TEST_10258,4
TEST_10259,12
TEST_10260,4
TEST_10261,1
TEST_10262,18
TEST_10263,15
TEST_10264,8
TEST_10265,10
TEST_10266,13
TEST_10267,20
TEST_10268,5
TEST_10269,10
TEST_10270,6
TEST_10271,15
TEST_10272,3
TEST_10273,12
TEST_10274,1
TEST_10275,8
TEST_10276,9
TEST_10277,0
TEST_10278,20
TEST_10279,2
TEST_10280,20
TEST_10281,15
TEST_10282,20
TEST_10283,2
TEST_10284,12
TEST_10285,3
TEST_10286,7
TEST_10287,8
TEST_10288,11
TEST_10289,17
TEST_10290,2
TEST_10291,11
TEST_10292,18
TEST_10293,10
TEST_10294,17
TEST_10295,16
TEST_10296,9
TEST_10297,20
TEST_10298,1
TEST_10299,14
TEST_10300,12
TEST_10301,18
TEST_10302,9
TEST_10303,8
TEST_10304,14
TEST_10305,6
TEST_10306,5
TEST_10307,6
TEST_10308,1
TEST_10309,19
TEST_10310,10
TEST_10311,15
TEST_10312,15
TEST_10313,11
TEST_10314,17
TEST_10315,9
TEST_10316,2
TEST_10317,20
TEST_10318,5
TEST_10319,14
TEST_10320,3
TEST_10321,11
TEST_10322,10
TEST_10323,14
TEST_10324,6
TEST_10325,16
TEST_10326,18
TEST_10327,6
TEST_10328,6
TEST_10329,2
TEST_10330,16
TEST_10331,0
TEST_10332,19
TEST_10333,0
TEST_10334,14
TEST_10335,3
TEST_10336,17
TEST_10337,13
TEST_10338,2
TEST_10339,6
TEST_10340,16
TEST_10341,2
TEST_10342,2
TEST_10343,9
TEST_10344,15
TEST_10345,12
TEST_10346,3
TEST_10347,19
TEST_10348,20
TEST_10349,7
TEST_10350,0
TEST_10351,16
TEST_10352,9
TEST_10353,5
TEST_10354,1
TEST_10355,3
TEST_10356,9
TEST_10357,16
TEST_10358,8
TEST_10359,12
TEST_10360,3
TEST_10361,5
TEST_10362,3
TEST_10363,14
TEST_10364,0
TEST_10365,16
TEST_10366,19
TEST_10367,1
TEST_10368,0
TEST_10369,8
TEST_10370,7
TEST_10371,14
TEST_10372,19
TEST_10373,10
TEST_10374,5
TEST_10375,7
TEST_10376,16
TEST_10377,7
TEST_10378,11
TEST_10379,18
TEST_10380,16
TEST_10381,16
TEST_10382,12
TEST_10383,7
TEST_10384,11
TEST_10385,5
TEST_10386,13
TEST_10387,10
TEST_10388,0
TEST_10389,11
TEST_10390,16
TEST_10391,1
TEST_10392,3
TEST_10393,10
TEST_10394,3
TEST_10395,2
TEST_10396,2
TEST_10397,6
TEST_10398,17
TEST_10399,2
TEST_10400,5
TEST_10401,11
TEST_10402,18
TEST_10403,19
TEST_10404,12
TEST_10405,0
TEST_10406,18
TEST_10407,6
TEST_10408,14
TEST_10409,10
TEST_10410,19
TEST_10411,3
TEST_10412,13
TEST_10413,16
TEST_10414,6
TEST_10415,18
TEST_10416,10
TEST_10417,3
TEST_10418,8
TEST_10419,12
TEST_10420,5
TEST_10421,19
TEST_10422,7
TEST_10423,4
TEST_10424,18
TEST_10425,9
TEST_10426,5
TEST_10427,8
TEST_10428,9
TEST_10429,8
TEST_10430,9
TEST_10431,10
TEST_10432,5
TEST_10433,4
TEST_10434,3
TEST_10435,0
TEST_10436,15
TEST_10437,5
TEST_10438,17
TEST_10439,8
TEST_10440,9
TEST_10441,11
TEST_10442,12
TEST_10443,2
TEST_10444,13
TEST_10445,9
TEST_10446,6
TEST_10447,19
TEST_10448,6
TEST_10449,14
TEST_10450,11
TEST_10451,11
TEST_10452,7
TEST_10453,1
TEST_10454,9
TEST_10455,19
TEST_10456,13
TEST_10457,7
TEST_10458,20
TEST_10459,14
TEST_10460,2
TEST_10461,18
TEST_10462,19
TEST_10463,7
TEST_10464,4
TEST_10465,19
TEST_10466,17
TEST_10467,7
TEST_10468,6
TEST_10469,4
TEST_10470,0
TEST_10471,17
TEST_10472,10
TEST_10473,11
TEST_10474,17
TEST_10475,12
TEST_10476,0
TEST_10477,14
TEST_10478,19
TEST_10479,12
TEST_10480,16
TEST_10481,10
TEST_10482,1
TEST_10483,9
TEST_10484,18
TEST_10485,9
TEST_10486,9
TEST_10487,8
TEST_10488,8
TEST_10489,15
TEST_10490,1
TEST_10491,1
TEST_10492,17
TEST_10493,13
TEST_10494,18
TEST_10495,5
TEST_10496,14
TEST_10497,20
TEST_10498,13
TEST_10499,8
TEST_10500,8
TEST_10501,12
TEST_10502,4
TEST_10503,10
TEST_10504,13
TEST_10505,14
TEST_10506,14
TEST_10507,4
TEST_10508,11
TEST_10509,20
TEST_10510,5
TEST_10511,11
TEST_10512,9
TEST_10513,20
TEST_10514,14
TEST_10515,5
TEST_10516,10
TEST_10517,1
TEST_10518,3
TEST_10519,15
TEST_10520,19
TEST_10521,14
TEST_10522,19
TEST_10523,7
TEST_10524,10
TEST_10525,7
TEST_10526,11
TEST_10527,10
TEST_10528,5
TEST_10529,12
TEST_10530,4
TEST_10531,19
TEST_10532,14
TEST_10533,17
TEST_10534,19
TEST_10535,6
TEST_10536,0
TEST_10537,3
TEST_10538,13
TEST_10539,1
TEST_10540,4
TEST_10541,15
TEST_10542,5
TEST_10543,5
TEST_10544,8
TEST_10545,17
TEST_10546,14
TEST_10547,5
TEST_10548,18
TEST_10549,13
TEST_10550,10
TEST_10551,15
TEST_10552,11
TEST_10553,13
TEST_10554,6
TEST_10555,6
TEST_10556,0
TEST_10557,18
TEST_10558,6
TEST_10559,6
TEST_10560,5
TEST_10561,15
TEST_10562,17
TEST_10563,2
TEST_10564,13
TEST_10565,16
TEST_10566,0
TEST_10567,2
TEST_10568,9
TEST_10569,19
TEST_10570,7
TEST_10571,18
TEST_10572,16
TEST_10573,13
TEST_10574,7
TEST_10575,19
TEST_10576,2
TEST_10577,17
TEST_10578,8
TEST_10579,15
TEST_10580,14
TEST_10581,12
TEST_10582,17
TEST_10583,15
TEST_10584,6
TEST_10585,0
TEST_10586,12
TEST_10587,9
TEST_10588,10
TEST_10589,16
TEST_10590,18
TEST_10591,8
TEST_10592,7
TEST_10593,16
TEST_10594,18
TEST_10595,17
TEST_10596,9
TEST_10597,5
TEST_10598,14
TEST_10599,7
TEST_10600,18
TEST_10601,10
TEST_10602,3
TEST_10603,14
TEST_10604,11
TEST_10605,20
TEST_10606,18
TEST_10607,7
TEST_10608,18
TEST_10609,1
TEST_10610,5
TEST_10611,5
TEST_10612,8
TEST_10613,10
TEST_10614,14
TEST_10615,13
TEST_10616,4
TEST_10617,13
TEST_10618,19
TEST_10619,3
TEST_10620,16
TEST_10621,17
TEST_10622,18
TEST_10623,19
TEST_10624,9
TEST_10625,4
TEST_10626,11
TEST_10627,8
TEST_10628,12
TEST_10629,7
TEST_10630,19
TEST_10631,2
TEST_10632,7
TEST_10633,7
TEST_10634,9
TEST_10635,12
TEST_10636,20
TEST_10637,12
TEST_10638,16
TEST_10639,5
TEST_10640,13
TEST_10641,2
TEST_10642,8
TEST_10643,15
TEST_10644,6
TEST_10645,10
TEST_10646,19
TEST_10647,9
TEST_10648,3
TEST_10649,16
TEST_10650,10
TEST_10651,16
TEST_10652,5
TEST_10653,10
TEST_10654,16
TEST_10655,16
TEST_10656,16
TEST_10657,8
TEST_10658,5
TEST_10659,13
TEST_10660,2
TEST_10661,2
TEST_10662,16
TEST_10663,10
TEST_10664,6
TEST_10665,13
TEST_10666,20
TEST_10667,11
TEST_10668,9
TEST_10669,1
TEST_10670,6
TEST_10671,13
TEST_10672,10
TEST_10673,10
TEST_10674,7
TEST_10675,15
TEST_10676,10
TEST_10677,16
TEST_10678,13
TEST_10679,18
TEST_10680,5
TEST_10681,17
TEST_10682,16
TEST_10683,18
TEST_10684,17
TEST_10685,8
TEST_10686,9
TEST_10687,5
TEST_10688,5
TEST_10689,0
TEST_10690,0
TEST_10691,18
TEST_10692,15
TEST_10693,19
TEST_10694,20
TEST_10695,11
TEST_10696,2
TEST_10697,13
TEST_10698,8
TEST_10699,20
TEST_10700,4
TEST_10701,13
TEST_10702,11
TEST_10703,3
TEST_10704,6
TEST_10705,17
TEST_10706,14
TEST_10707,6
TEST_10708,8
TEST_10709,14
TEST_10710,13
TEST_10711,4
TEST_10712,12
TEST_10713,10
TEST_10714,18
TEST_10715,5
TEST_10716,20
TEST_10717,11
TEST_10718,4
TEST_10719,10
TEST_10720,16
TEST_10721,18
TEST_10722,16
TEST_10723,3
TEST_10724,10
TEST_10725,9
TEST_10726,13
TEST_10727,17
TEST_10728,14
TEST_10729,7
TEST_10730,8
TEST_10731,1
TEST_10732,19
TEST_10733,9
TEST_10734,4
TEST_10735,9
TEST_10736,17
TEST_10737,17
TEST_10738,13
TEST_10739,14
TEST_10740,0
TEST_10741,14
TEST_10742,5
TEST_10743,10
TEST_10744,7
TEST_10745,17
TEST_10746,18
TEST_10747,4
TEST_10748,20
TEST_10749,9
TEST_10750,1
TEST_10751,2
TEST_10752,8
TEST_10753,15
TEST_10754,0
TEST_10755,6
TEST_10756,6
TEST_10757,7
TEST_10758,4
TEST_10759,4
TEST_10760,15
TEST_10761,17
TEST_10762,3
TEST_10763,20
TEST_10764,5
TEST_10765,8
TEST_10766,4
TEST_10767,19
TEST_10768,3
TEST_10769,12
TEST_10770,6
TEST_10771,20
TEST_10772,17
TEST_10773,5
TEST_10774,7
TEST_10775,19
TEST_10776,19
TEST_10777,18
TEST_10778,19
TEST_10779,8
TEST_10780,11
TEST_10781,3
TEST_10782,6
TEST_10783,0
TEST_10784,12
TEST_10785,15
TEST_10786,12
TEST_10787,11
TEST_10788,4
TEST_10789,2
TEST_10790,1
TEST_10791,4
TEST_10792,11
TEST_10793,6
TEST_10794,6
TEST_10795,8
TEST_10796,10
TEST_10797,11
TEST_10798,12
TEST_10799,11
TEST_10800,19
TEST_10801,7
TEST_10802,12
TEST_10803,3
TEST_10804,11
TEST_10805,1
TEST_10806,16
TEST_10807,3
TEST_10808,16
TEST_10809,5
TEST_10810,20
TEST_10811,3
TEST_10812,12
TEST_10813,3
TEST_10814,16
TEST_10815,3
TEST_10816,13
TEST_10817,5
TEST_10818,19
TEST_10819,12
TEST_10820,5
TEST_10821,3
TEST_10822,4
TEST_10823,15
TEST_10824,19
TEST_10825,6
TEST_10826,7
TEST_10827,3
TEST_10828,20
TEST_10829,2
TEST_10830,9
TEST_10831,6
TEST_10832,8
TEST_10833,3
TEST_10834,10
TEST_10835,19
TEST_10836,13
TEST_10837,2
TEST_10838,0
TEST_10839,15
TEST_10840,5
TEST_10841,14
TEST_10842,17
TEST_10843,3
TEST_10844,1
TEST_10845,20
TEST_10846,3
TEST_10847,17
TEST_10848,3
TEST_10849,15
TEST_10850,8
TEST_10851,2
TEST_10852,8
TEST_10853,6
TEST_10854,10
TEST_10855,4
TEST_10856,16
TEST_10857,18
TEST_10858,5
TEST_10859,11
TEST_10860,4
TEST_10861,0
TEST_10862,8
TEST_10863,6
TEST_10864,18
TEST_10865,0
TEST_10866,15
TEST_10867,1
TEST_10868,20
TEST_10869,16
TEST_10870,13
TEST_10871,14
TEST_10872,14
TEST_10873,20
TEST_10874,4
TEST_10875,5
TEST_10876,17
TEST_10877,8
TEST_10878,17
TEST_10879,14
TEST_10880,11
TEST_10881,14
TEST_10882,7
TEST_10883,18
TEST_10884,5
TEST_10885,8
TEST_10886,7
TEST_10887,9
TEST_10888,17
TEST_10889,11
TEST_10890,15
TEST_10891,6
TEST_10892,17
TEST_10893,12
TEST_10894,16
TEST_10895,4
TEST_10896,12
TEST_10897,19
TEST_10898,6
TEST_10899,12
TEST_10900,18
TEST_10901,0
TEST_10902,3
TEST_10903,17
TEST_10904,18
TEST_10905,1
TEST_10906,10
TEST_10907,8
TEST_10908,11
TEST_10909,9
TEST_10910,4
TEST_10911,15
TEST_10912,12
TEST_10913,5
TEST_10914,13
TEST_10915,20
TEST_10916,15
TEST_10917,4
TEST_10918,0
TEST_10919,15
TEST_10920,1
TEST_10921,15
TEST_10922,9
TEST_10923,19
TEST_10924,4
TEST_10925,14
TEST_10926,8
TEST_10927,13
TEST_10928,9
TEST_10929,1
TEST_10930,18
TEST_10931,18
TEST_10932,4
TEST_10933,10
TEST_10934,16
TEST_10935,8
TEST_10936,11
TEST_10937,8
TEST_10938,11
TEST_10939,1
TEST_10940,9
TEST_10941,16
TEST_10942,7
TEST_10943,8
TEST_10944,4
TEST_10945,14
TEST_10946,14
TEST_10947,7
TEST_10948,2
TEST_10949,15
TEST_10950,1
TEST_10951,2
TEST_10952,3
TEST_10953,13
TEST_10954,13
TEST_10955,4
TEST_10956,0
TEST_10957,13
TEST_10958,9
TEST_10959,19
TEST_10960,4
TEST_10961,6
TEST_10962,12
TEST_10963,15
TEST_10964,8
TEST_10965,4
TEST_10966,2
TEST_10967,7
TEST_10968,6
TEST_10969,19
TEST_10970,13
TEST_10971,12
TEST_10972,3
TEST_10973,20
TEST_10974,15
TEST_10975,5
TEST_10976,8
TEST_10977,10
TEST_10978,14
TEST_10979,16
TEST_10980,11
TEST_10981,17
TEST_10982,10
TEST_10983,9
TEST_10984,5
TEST_10985,6
TEST_10986,8
TEST_10987,10
TEST_10988,13
TEST_10989,7
TEST_10990,6
TEST_10991,4
TEST_10992,13
TEST_10993,11
TEST_10994,2
TEST_10995,10
TEST_10996,11
TEST_10997,2
TEST_10998,16
TEST_10999,18
TEST_11000,16
TEST_11001,16
TEST_11002,3
TEST_11003,11
TEST_11004,19
TEST_11005,14
TEST_11006,5
TEST_11007,1
TEST_11008,20
TEST_11009,0
TEST_11010,18
TEST_11011,13
TEST_11012,5
TEST_11013,17
TEST_11014,13
TEST_11015,12
TEST_11016,13
TEST_11017,14
TEST_11018,5
TEST_11019,20
TEST_11020,0
TEST_11021,17
TEST_11022,8
TEST_11023,20
TEST_11024,4
TEST_11025,16
TEST_11026,8
TEST_11027,8
TEST_11028,0
TEST_11029,17
TEST_11030,9
TEST_11031,19
TEST_11032,9
TEST_11033,18
TEST_11034,13
TEST_11035,2
TEST_11036,8
TEST_11037,17
TEST_11038,18
TEST_11039,11
TEST_11040,5
TEST_11041,11
TEST_11042,4
TEST_11043,0
TEST_11044,6
TEST_11045,7
TEST_11046,3
TEST_11047,16
TEST_11048,10
TEST_11049,0
TEST_11050,14
TEST_11051,2
TEST_11052,16
TEST_11053,18
TEST_11054,9
TEST_11055,10
TEST_11056,5
TEST_11057,15
TEST_11058,3
TEST_11059,8
TEST_11060,4
TEST_11061,6
TEST_11062,0
TEST_11063,10
TEST_11064,2
TEST_11065,18
TEST_11066,7
TEST_11067,6
TEST_11068,1
TEST_11069,16
TEST_11070,0
TEST_11071,13
TEST_11072,17
TEST_11073,11
TEST_11074,9
TEST_11075,17
TEST_11076,15
TEST_11077,10
TEST_11078,14
TEST_11079,6
TEST_11080,17
TEST_11081,12
TEST_11082,15
TEST_11083,8
TEST_11084,3
TEST_11085,4
TEST_11086,12
TEST_11087,1
TEST_11088,8
TEST_11089,4
TEST_11090,11
TEST_11091,7
TEST_11092,7
TEST_11093,19
TEST_11094,12
TEST_11095,11
TEST_11096,15
TEST_11097,10
TEST_11098,7
TEST_11099,19
TEST_11100,11
TEST_11101,2
TEST_11102,18
TEST_11103,14
TEST_11104,8
TEST_11105,20
TEST_11106,17
TEST_11107,0
TEST_11108,12
TEST_11109,5
TEST_11110,11
TEST_11111,10
TEST_11112,7
TEST_11113,12
TEST_11114,15
TEST_11115,17
TEST_11116,13
TEST_11117,10
TEST_11118,13
TEST_11119,7
TEST_11120,2
TEST_11121,5
TEST_11122,14
TEST_11123,6
TEST_11124,20
TEST_11125,20
TEST_11126,12
TEST_11127,9
TEST_11128,11
TEST_11129,1
TEST_11130,19
TEST_11131,11
TEST_11132,4
TEST_11133,8
TEST_11134,16
TEST_11135,2
TEST_11136,2
TEST_11137,3
TEST_11138,12
TEST_11139,11
TEST_11140,13
TEST_11141,17
TEST_11142,6
TEST_11143,13
TEST_11144,6
TEST_11145,16
TEST_11146,9
TEST_11147,0
TEST_11148,0
TEST_11149,2
TEST_11150,6
TEST_11151,16
TEST_11152,3
TEST_11153,18
TEST_11154,9
TEST_11155,9
TEST_11156,15
TEST_11157,11
TEST_11158,2
TEST_11159,4
TEST_11160,15
TEST_11161,10
TEST_11162,11
TEST_11163,4
TEST_11164,3
TEST_11165,0
TEST_11166,19
TEST_11167,11
TEST_11168,6
TEST_11169,19
TEST_11170,12
TEST_11171,8
TEST_11172,8
TEST_11173,17
TEST_11174,20
TEST_11175,5
TEST_11176,16
TEST_11177,1
TEST_11178,4
TEST_11179,4
TEST_11180,7
TEST_11181,4
TEST_11182,2
TEST_11183,4
TEST_11184,12
TEST_11185,1
TEST_11186,15
TEST_11187,20
TEST_11188,16
TEST_11189,12
TEST_11190,12
TEST_11191,12
TEST_11192,10
TEST_11193,0
TEST_11194,4
TEST_11195,19
TEST_11196,18
TEST_11197,19
TEST_11198,12
TEST_11199,5
TEST_11200,7
TEST_11201,1
TEST_11202,7
TEST_11203,3
TEST_11204,5
TEST_11205,4
TEST_11206,16
TEST_11207,18
TEST_11208,9
TEST_11209,9
TEST_11210,8
TEST_11211,8
TEST_11212,13
TEST_11213,7
TEST_11214,4
TEST_11215,17
TEST_11216,17
TEST_11217,17
TEST_11218,4
TEST_11219,7
TEST_11220,3
TEST_11221,20
TEST_11222,15
TEST_11223,8
TEST_11224,14
TEST_11225,7
TEST_11226,13
TEST_11227,13
TEST_11228,6
TEST_11229,6
TEST_11230,3
TEST_11231,0
TEST_11232,2
TEST_11233,0
TEST_11234,20
TEST_11235,1
TEST_11236,16
TEST_11237,12
TEST_11238,14
TEST_11239,6
TEST_11240,0
TEST_11241,17
TEST_11242,12
TEST_11243,17
TEST_11244,11
TEST_11245,4
TEST_11246,4
TEST_11247,17
TEST_11248,2
TEST_11249,4
TEST_11250,4
TEST_11251,18
TEST_11252,12
TEST_11253,8
TEST_11254,2
TEST_11255,17
TEST_11256,2
TEST_11257,9
TEST_11258,8
TEST_11259,3
TEST_11260,16
TEST_11261,14
TEST_11262,6
TEST_11263,4
TEST_11264,19
TEST_11265,5
TEST_11266,14
TEST_11267,19
TEST_11268,13
TEST_11269,0
TEST_11270,1
TEST_11271,12
TEST_11272,15
TEST_11273,14
TEST_11274,8
TEST_11275,7
TEST_11276,11
TEST_11277,2
TEST_11278,2
TEST_11279,20
TEST_11280,4
TEST_11281,19
TEST_11282,4
TEST_11283,11
TEST_11284,19
TEST_11285,5
TEST_11286,8
TEST_11287,1
TEST_11288,8
TEST_11289,16
TEST_11290,12
TEST_11291,20
TEST_11292,8
TEST_11293,8
TEST_11294,19
TEST_11295,9
TEST_11296,14
TEST_11297,5
TEST_11298,13
TEST_11299,9
TEST_11300,7
TEST_11301,19
TEST_11302,11
TEST_11303,6
TEST_11304,3
TEST_11305,12
TEST_11306,20
TEST_11307,4
TEST_11308,19
TEST_11309,7
TEST_11310,0
TEST_11311,14
TEST_11312,0
TEST_11313,16
TEST_11314,20
TEST_11315,2
TEST_11316,20
TEST_11317,16
TEST_11318,14
TEST_11319,15
TEST_11320,20
TEST_11321,0
TEST_11322,7
TEST_11323,1
TEST_11324,6
TEST_11325,15
TEST_11326,6
TEST_11327,18
TEST_11328,1
TEST_11329,10
TEST_11330,0
TEST_11331,0
TEST_11332,17
TEST_11333,0
TEST_11334,0
TEST_11335,13
TEST_11336,18
TEST_11337,7
TEST_11338,16
TEST_11339,2
TEST_11340,18
TEST_11341,19
TEST_11342,20
TEST_11343,14
TEST_11344,9
TEST_11345,3
TEST_11346,2
TEST_11347,0
TEST_11348,10
TEST_11349,11
TEST_11350,14
TEST_11351,17
TEST_11352,3
TEST_11353,12
TEST_11354,0
TEST_11355,5
TEST_11356,19
TEST_11357,6
TEST_11358,18
TEST_11359,9
TEST_11360,12
TEST_11361,2
TEST_11362,19
TEST_11363,10
TEST_11364,3
TEST_11365,10
TEST_11366,9
TEST_11367,18
TEST_11368,5
TEST_11369,10
TEST_11370,6
TEST_11371,10
TEST_11372,12
TEST_11373,13
TEST_11374,3
TEST_11375,14
TEST_11376,6
TEST_11377,0
TEST_11378,15
TEST_11379,3
TEST_11380,2
TEST_11381,6
TEST_11382,2
TEST_11383,2
TEST_11384,6
TEST_11385,14
TEST_11386,3
TEST_11387,7
TEST_11388,1
TEST_11389,16
TEST_11390,15
TEST_11391,13
TEST_11392,9
TEST_11393,13
TEST_11394,10
TEST_11395,9
TEST_11396,13
TEST_11397,0
TEST_11398,1
TEST_11399,19
TEST_11400,4
TEST_11401,3
TEST_11402,12
TEST_11403,12
TEST_11404,2
TEST_11405,12
TEST_11406,4
TEST_11407,5
TEST_11408,12
TEST_11409,20
TEST_11410,18
TEST_11411,10
TEST_11412,1
TEST_11413,18
TEST_11414,19
TEST_11415,7
TEST_11416,1
TEST_11417,16
TEST_11418,12
TEST_11419,10
TEST_11420,3
TEST_11421,12
TEST_11422,8
TEST_11423,2
TEST_11424,17
TEST_11425,12
TEST_11426,12
TEST_11427,2
TEST_11428,0
TEST_11429,1
TEST_11430,11
TEST_11431,3
TEST_11432,4
TEST_11433,18
TEST_11434,5
TEST_11435,8
TEST_11436,1
TEST_11437,3
TEST_11438,1
TEST_11439,9
TEST_11440,3
TEST_11441,8
TEST_11442,2
TEST_11443,11
TEST_11444,10
TEST_11445,12
TEST_11446,4
TEST_11447,0
TEST_11448,8
TEST_11449,12
TEST_11450,12
TEST_11451,18
TEST_11452,18
TEST_11453,6
TEST_11454,6
TEST_11455,17
TEST_11456,18
TEST_11457,3
TEST_11458,2
TEST_11459,13
TEST_11460,8
TEST_11461,13
TEST_11462,6
TEST_11463,1
TEST_11464,11
TEST_11465,19
TEST_11466,11
TEST_11467,3
TEST_11468,2
TEST_11469,2
TEST_11470,11
TEST_11471,10
TEST_11472,3
TEST_11473,10
TEST_11474,17
TEST_11475,1
TEST_11476,2
TEST_11477,12
TEST_11478,11
TEST_11479,13
TEST_11480,14
TEST_11481,9
TEST_11482,6
TEST_11483,7
TEST_11484,1
TEST_11485,1
TEST_11486,3
TEST_11487,19
TEST_11488,6
TEST_11489,0
TEST_11490,19
TEST_11491,20
TEST_11492,2
TEST_11493,17
TEST_11494,4
TEST_11495,19
TEST_11496,17
TEST_11497,14
TEST_11498,10
TEST_11499,13
TEST_11500,8
TEST_11501,10
TEST_11502,9
TEST_11503,6
TEST_11504,15
TEST_11505,20
TEST_11506,7
TEST_11507,20
TEST_11508,8
TEST_11509,2
TEST_11510,14
TEST_11511,11
TEST_11512,5
TEST_11513,11
TEST_11514,7
TEST_11515,9
TEST_11516,10
TEST_11517,1
TEST_11518,7
TEST_11519,5
TEST_11520,9
TEST_11521,14
TEST_11522,3
TEST_11523,2
TEST_11524,6
TEST_11525,19
TEST_11526,13
TEST_11527,0
TEST_11528,0
TEST_11529,13
TEST_11530,20
TEST_11531,3
TEST_11532,18
TEST_11533,2
TEST_11534,6
TEST_11535,18
TEST_11536,18
TEST_11537,16
TEST_11538,1
TEST_11539,6
TEST_11540,7
TEST_11541,15
TEST_11542,7
TEST_11543,15
TEST_11544,13
TEST_11545,13
TEST_11546,20
TEST_11547,7
TEST_11548,13
TEST_11549,9
TEST_11550,18
TEST_11551,12
TEST_11552,10
TEST_11553,9
TEST_11554,9
TEST_11555,5
TEST_11556,4
TEST_11557,16
TEST_11558,17
TEST_11559,13
TEST_11560,6
TEST_11561,9
TEST_11562,18
TEST_11563,3
TEST_11564,13
TEST_11565,19
TEST_11566,8
TEST_11567,20
TEST_11568,10
TEST_11569,0
TEST_11570,13
TEST_11571,13
TEST_11572,15
TEST_11573,0
TEST_11574,12
TEST_11575,3
TEST_11576,2
TEST_11577,5
TEST_11578,10
TEST_11579,8
TEST_11580,4
TEST_11581,6
TEST_11582,13
TEST_11583,0
TEST_11584,15
TEST_11585,14
TEST_11586,0
TEST_11587,17
TEST_11588,3
TEST_11589,13
TEST_11590,1
TEST_11591,1
TEST_11592,16
TEST_11593,15
TEST_11594,16
TEST_11595,17
TEST_11596,18
TEST_11597,20
TEST_11598,20
TEST_11599,3
TEST_11600,12
TEST_11601,0
TEST_11602,8
TEST_11603,0
TEST_11604,12
TEST_11605,17
TEST_11606,4
TEST_11607,19
TEST_11608,5
TEST_11609,3
TEST_11610,4
TEST_11611,10
TEST_11612,3
TEST_11613,6
TEST_11614,10
TEST_11615,20
TEST_11616,17
TEST_11617,15
TEST_11618,5
TEST_11619,10
TEST_11620,2
TEST_11621,0
TEST_11622,17
TEST_11623,19
TEST_11624,4
TEST_11625,16
TEST_11626,6
TEST_11627,16
TEST_11628,2
TEST_11629,18
TEST_11630,4
TEST_11631,12
TEST_11632,16
TEST_11633,3
TEST_11634,7
TEST_11635,10
TEST_11636,10
TEST_11637,6
TEST_11638,1
TEST_11639,20
TEST_11640,10
TEST_11641,5
TEST_11642,7
TEST_11643,6
TEST_11644,7
TEST_11645,2
TEST_11646,5
TEST_11647,4
TEST_11648,14
TEST_11649,1
TEST_11650,17
TEST_11651,15
TEST_11652,9
TEST_11653,6
TEST_11654,3
TEST_11655,6
TEST_11656,15
TEST_11657,1
TEST_11658,17
TEST_11659,13
TEST_11660,11
TEST_11661,17
TEST_11662,13
TEST_11663,18
TEST_11664,0
TEST_11665,3
TEST_11666,20
TEST_11667,19
TEST_11668,7
TEST_11669,1
TEST_11670,20
TEST_11671,16
TEST_11672,7
TEST_11673,18
TEST_11674,18
TEST_11675,4
TEST_11676,15
TEST_11677,11
TEST_11678,2
TEST_11679,4
TEST_11680,15
TEST_11681,15
TEST_11682,0
TEST_11683,5
TEST_11684,5
TEST_11685,20
TEST_11686,13
TEST_11687,8
TEST_11688,16
TEST_11689,15
TEST_11690,3
TEST_11691,13
TEST_11692,16
TEST_11693,16
TEST_11694,4
TEST_11695,14
TEST_11696,7
TEST_11697,19
TEST_11698,3
TEST_11699,16
TEST_11700,14
TEST_11701,3
TEST_11702,2
TEST_11703,0
TEST_11704,13
TEST_11705,16
TEST_11706,3
TEST_11707,7
TEST_11708,2
TEST_11709,7
TEST_11710,13
TEST_11711,12
TEST_11712,16
TEST_11713,1
TEST_11714,7
TEST_11715,1
TEST_11716,0
TEST_11717,8
TEST_11718,12
TEST_11719,11
TEST_11720,19
TEST_11721,2
TEST_11722,17
TEST_11723,9
TEST_11724,16
TEST_11725,0
TEST_11726,5
TEST_11727,9
TEST_11728,11
TEST_11729,0
TEST_11730,18
TEST_11731,20
TEST_11732,3
TEST_11733,16
TEST_11734,3
TEST_11735,15
TEST_11736,14
TEST_11737,19
TEST_11738,17
TEST_11739,7
TEST_11740,20
TEST_11741,1
TEST_11742,0
TEST_11743,1
TEST_11744,14
TEST_11745,1
TEST_11746,5
TEST_11747,12
TEST_11748,14
TEST_11749,3
TEST_11750,1
TEST_11751,12
TEST_11752,12
TEST_11753,11
TEST_11754,1
TEST_11755,6
TEST_11756,1
TEST_11757,7
TEST_11758,1
TEST_11759,10
TEST_11760,0
TEST_11761,5
TEST_11762,11
TEST_11763,20
TEST_11764,16
TEST_11765,2
TEST_11766,7
TEST_11767,11
TEST_11768,0
TEST_11769,12
TEST_11770,9
TEST_11771,8
TEST_11772,4
TEST_11773,7
TEST_11774,11
TEST_11775,8
TEST_11776,4
TEST_11777,9
TEST_11778,20
TEST_11779,9
TEST_11780,18
TEST_11781,5
TEST_11782,14
TEST_11783,6
TEST_11784,20
TEST_11785,4
TEST_11786,4
TEST_11787,5
TEST_11788,19
TEST_11789,5
TEST_11790,2
TEST_11791,13
TEST_11792,15
TEST_11793,9
TEST_11794,14
TEST_11795,13
TEST_11796,9
TEST_11797,6
TEST_11798,9
TEST_11799,5
TEST_11800,17
TEST_11801,14
TEST_11802,8
TEST_11803,12
TEST_11804,5
TEST_11805,6
TEST_11806,1
TEST_11807,8
TEST_11808,9
TEST_11809,0
TEST_11810,14
TEST_11811,15
TEST_11812,13
TEST_11813,2
TEST_11814,0
TEST_11815,18
TEST_11816,6
TEST_11817,18
TEST_11818,16
TEST_11819,1
TEST_11820,13
TEST_11821,8
TEST_11822,8
TEST_11823,3
TEST_11824,16
TEST_11825,4
TEST_11826,14
TEST_11827,4
TEST_11828,4
TEST_11829,11
TEST_11830,10
TEST_11831,6
TEST_11832,2
TEST_11833,14
TEST_11834,3
TEST_11835,0
TEST_11836,6
TEST_11837,0
TEST_11838,7
TEST_11839,8
TEST_11840,12
TEST_11841,4
TEST_11842,6
TEST_11843,5
TEST_11844,2
TEST_11845,14
TEST_11846,2
TEST_11847,12
TEST_11848,10
TEST_11849,6
TEST_11850,15
TEST_11851,9
TEST_11852,17
TEST_11853,12
TEST_11854,15
TEST_11855,8
TEST_11856,9
TEST_11857,2
TEST_11858,19
TEST_11859,8
TEST_11860,17
TEST_11861,6
TEST_11862,7
TEST_11863,15
TEST_11864,5
TEST_11865,17
TEST_11866,9
TEST_11867,9
TEST_11868,17
TEST_11869,16
TEST_11870,20
TEST_11871,18
TEST_11872,9
TEST_11873,3
TEST_11874,10
TEST_11875,1
TEST_11876,6
TEST_11877,14
TEST_11878,1
TEST_11879,17
TEST_11880,14
TEST_11881,13
TEST_11882,6
TEST_11883,10
TEST_11884,6
TEST_11885,13
TEST_11886,19
TEST_11887,4
TEST_11888,6
TEST_11889,2
TEST_11890,9
TEST_11891,7
TEST_11892,9
TEST_11893,3
TEST_11894,14
TEST_11895,7
TEST_11896,16
TEST_11897,1
TEST_11898,10
TEST_11899,14
TEST_11900,4
TEST_11901,10
TEST_11902,7
TEST_11903,1
TEST_11904,7
TEST_11905,10
TEST_11906,12
TEST_11907,8
TEST_11908,3
TEST_11909,5
TEST_11910,17
TEST_11911,18
TEST_11912,12
TEST_11913,14
TEST_11914,19
TEST_11915,20
TEST_11916,14
TEST_11917,0
TEST_11918,12
TEST_11919,14
TEST_11920,4
TEST_11921,17
TEST_11922,6
TEST_11923,14
TEST_11924,11
TEST_11925,16
TEST_11926,19
TEST_11927,7
TEST_11928,1
TEST_11929,4
TEST_11930,18
TEST_11931,10
TEST_11932,20
TEST_11933,7
TEST_11934,5
TEST_11935,17
TEST_11936,7
TEST_11937,20
TEST_11938,6
TEST_11939,1
TEST_11940,19
TEST_11941,4
TEST_11942,5
TEST_11943,14
TEST_11944,5
TEST_11945,14
TEST_11946,1
TEST_11947,2
TEST_11948,7
TEST_11949,15
TEST_11950,6
TEST_11951,1
TEST_11952,18
TEST_11953,12
TEST_11954,3
TEST_11955,8
TEST_11956,7
TEST_11957,18
TEST_11958,15
TEST_11959,12
TEST_11960,12
TEST_11961,6
TEST_11962,7
TEST_11963,9
TEST_11964,11
TEST_11965,2
TEST_11966,8
TEST_11967,18
TEST_11968,8
TEST_11969,19
TEST_11970,2
TEST_11971,5
TEST_11972,13
TEST_11973,9
TEST_11974,14
TEST_11975,18
TEST_11976,10
TEST_11977,5
TEST_11978,16
TEST_11979,9
TEST_11980,0
TEST_11981,12
TEST_11982,12
TEST_11983,12
TEST_11984,16
TEST_11985,1
TEST_11986,10
TEST_11987,13
TEST_11988,2
TEST_11989,10
TEST_11990,13
TEST_11991,1
TEST_11992,9
TEST_11993,7
TEST_11994,19
TEST_11995,12
TEST_11996,15
TEST_11997,19
TEST_11998,13
TEST_11999,2
TEST_12000,10
TEST_12001,13
TEST_12002,10
TEST_12003,13
TEST_12004,5
TEST_12005,7
TEST_12006,18
TEST_12007,17
TEST_12008,13
TEST_12009,16
TEST_12010,4
TEST_12011,5
TEST_12012,12
TEST_12013,5
TEST_12014,9
TEST_12015,20
TEST_12016,11
TEST_12017,18
TEST_12018,20
TEST_12019,1
TEST_12020,12
TEST_12021,18
TEST_12022,12
TEST_12023,1
TEST_12024,20
TEST_12025,3
TEST_12026,16
TEST_12027,7
TEST_12028,3
TEST_12029,2
TEST_12030,6
TEST_12031,8
TEST_12032,19
TEST_12033,16
TEST_12034,10
TEST_12035,9
TEST_12036,10
TEST_12037,3
TEST_12038,7
TEST_12039,19
TEST_12040,0
TEST_12041,15
TEST_12042,8
TEST_12043,19
TEST_12044,0
TEST_12045,19
TEST_12046,6
TEST_12047,17
TEST_12048,2
TEST_12049,11
TEST_12050,3
TEST_12051,15
TEST_12052,12
TEST_12053,14
TEST_12054,13
TEST_12055,17
TEST_12056,8
TEST_12057,9
TEST_12058,3
TEST_12059,2
TEST_12060,14
TEST_12061,19
TEST_12062,4
TEST_12063,12
TEST_12064,6
TEST_12065,9
TEST_12066,5
TEST_12067,6
TEST_12068,15
TEST_12069,7
TEST_12070,11
TEST_12071,2
TEST_12072,17
TEST_12073,10
TEST_12074,13
TEST_12075,0
TEST_12076,14
TEST_12077,14
TEST_12078,6
TEST_12079,15
TEST_12080,0
TEST_12081,17
TEST_12082,2
TEST_12083,16
TEST_12084,11
TEST_12085,15
TEST_12086,2
TEST_12087,19
TEST_12088,6
TEST_12089,20
TEST_12090,4
TEST_12091,1
TEST_12092,4
TEST_12093,11
TEST_12094,20
TEST_12095,13
TEST_12096,14
TEST_12097,8
TEST_12098,20
TEST_12099,8
TEST_12100,5
TEST_12101,2
TEST_12102,10
TEST_12103,14
TEST_12104,6
TEST_12105,3
TEST_12106,9
TEST_12107,0
TEST_12108,11
TEST_12109,8
TEST_12110,15
TEST_12111,6
TEST_12112,16
TEST_12113,4
TEST_12114,13
TEST_12115,1
TEST_12116,4
TEST_12117,4
TEST_12118,14
TEST_12119,16
TEST_12120,14
TEST_12121,5
TEST_12122,16
TEST_12123,16
TEST_12124,13
TEST_12125,17
TEST_12126,16
TEST_12127,8
TEST_12128,5
TEST_12129,8
TEST_12130,5
TEST_12131,4
TEST_12132,12
TEST_12133,1
TEST_12134,8
TEST_12135,10
TEST_12136,14
TEST_12137,5
TEST_12138,9
TEST_12139,1
TEST_12140,19
TEST_12141,15
TEST_12142,8
TEST_12143,1
TEST_12144,13
TEST_12145,4
TEST_12146,20
TEST_12147,18
TEST_12148,3
TEST_12149,9
TEST_12150,10
TEST_12151,16
TEST_12152,14
TEST_12153,8
TEST_12154,16
TEST_12155,7
TEST_12156,7
TEST_12157,18
TEST_12158,9
TEST_12159,19
TEST_12160,5
TEST_12161,7
TEST_12162,17
TEST_12163,17
TEST_12164,15
TEST_12165,5
TEST_12166,16
TEST_12167,11
TEST_12168,12
TEST_12169,17
TEST_12170,3
TEST_12171,11
TEST_12172,17
TEST_12173,11
TEST_12174,2
TEST_12175,5
TEST_12176,20
TEST_12177,4
TEST_12178,13
TEST_12179,14
TEST_12180,13
TEST_12181,18
TEST_12182,6
TEST_12183,18
TEST_12184,9
TEST_12185,0
TEST_12186,4
TEST_12187,20
TEST_12188,9
TEST_12189,8
TEST_12190,19
TEST_12191,1
TEST_12192,10
TEST_12193,16
TEST_12194,4
TEST_12195,10
TEST_12196,1
TEST_12197,6
TEST_12198,20
TEST_12199,13
TEST_12200,3
TEST_12201,1
TEST_12202,4
TEST_12203,8
TEST_12204,0
TEST_12205,1
TEST_12206,1
TEST_12207,3
TEST_12208,10
TEST_12209,19
TEST_12210,4
TEST_12211,16
TEST_12212,3
TEST_12213,4
TEST_12214,19
TEST_12215,7
TEST_12216,4
TEST_12217,16
TEST_12218,8
TEST_12219,10
TEST_12220,1
TEST_12221,12
TEST_12222,3
TEST_12223,20
TEST_12224,0
TEST_12225,16
TEST_12226,7
TEST_12227,8
TEST_12228,12
TEST_12229,16
TEST_12230,6
TEST_12231,1
TEST_12232,6
TEST_12233,19
TEST_12234,13
TEST_12235,10
TEST_12236,5
TEST_12237,3
TEST_12238,3
TEST_12239,8
TEST_12240,4
TEST_12241,18
TEST_12242,20
TEST_12243,15
TEST_12244,6
TEST_12245,14
TEST_12246,1
TEST_12247,5
TEST_12248,19
TEST_12249,15
TEST_12250,14
TEST_12251,9
TEST_12252,16
TEST_12253,8
TEST_12254,5
TEST_12255,9
TEST_12256,5
TEST_12257,18
TEST_12258,12
TEST_12259,0
TEST_12260,6
TEST_12261,11
TEST_12262,15
TEST_12263,13
TEST_12264,17
TEST_12265,14
TEST_12266,18
TEST_12267,4
TEST_12268,5
TEST_12269,12
TEST_12270,14
TEST_12271,9
TEST_12272,15
TEST_12273,18
TEST_12274,20
TEST_12275,10
TEST_12276,1
TEST_12277,8
TEST_12278,9
TEST_12279,17
TEST_12280,9
TEST_12281,15
TEST_12282,16
TEST_12283,2
TEST_12284,16
TEST_12285,8
TEST_12286,4
TEST_12287,8
TEST_12288,3
TEST_12289,9
TEST_12290,4
TEST_12291,19
TEST_12292,18
TEST_12293,12
TEST_12294,9
TEST_12295,7
TEST_12296,16
TEST_12297,11
TEST_12298,8
TEST_12299,13
TEST_12300,14
TEST_12301,13
TEST_12302,5
TEST_12303,10
TEST_12304,20
TEST_12305,20
TEST_12306,10
TEST_12307,17
TEST_12308,14
TEST_12309,8
TEST_12310,8
TEST_12311,14
TEST_12312,6
TEST_12313,7
TEST_12314,20
TEST_12315,12
TEST_12316,4
TEST_12317,6
TEST_12318,11
TEST_12319,11
TEST_12320,19
TEST_12321,9
TEST_12322,20
TEST_12323,9
TEST_12324,11
TEST_12325,5
TEST_12326,6
TEST_12327,13
TEST_12328,6
TEST_12329,1
TEST_12330,3
TEST_12331,19
TEST_12332,16
TEST_12333,19
TEST_12334,10
TEST_12335,15
TEST_12336,7
TEST_12337,4
TEST_12338,1
TEST_12339,1
TEST_12340,17
TEST_12341,16
TEST_12342,15
TEST_12343,1
TEST_12344,9
TEST_12345,4
TEST_12346,18
TEST_12347,8
TEST_12348,2
TEST_12349,16
TEST_12350,15
TEST_12351,14
TEST_12352,0
TEST_12353,9
TEST_12354,1
TEST_12355,14
TEST_12356,13
TEST_12357,5
TEST_12358,7
TEST_12359,11
TEST_12360,6
TEST_12361,11
TEST_12362,7
TEST_12363,16
TEST_12364,1
TEST_12365,18
TEST_12366,3
TEST_12367,16
TEST_12368,13
TEST_12369,4
TEST_12370,5
TEST_12371,9
TEST_12372,18
TEST_12373,18
TEST_12374,20
TEST_12375,3
TEST_12376,7
TEST_12377,11
TEST_12378,19
TEST_12379,13
TEST_12380,1
TEST_12381,18
TEST_12382,10
TEST_12383,13
TEST_12384,13
TEST_12385,14
TEST_12386,17
TEST_12387,14
TEST_12388,9
TEST_12389,8
TEST_12390,11
TEST_12391,4
TEST_12392,16
TEST_12393,13
TEST_12394,6
TEST_12395,5
TEST_12396,13
TEST_12397,5
TEST_12398,5
TEST_12399,18
TEST_12400,12
TEST_12401,8
TEST_12402,3
TEST_12403,17
TEST_12404,14
TEST_12405,4
TEST_12406,10
TEST_12407,9
TEST_12408,13
TEST_12409,9
TEST_12410,14
TEST_12411,15
TEST_12412,11
TEST_12413,4
TEST_12414,1
TEST_12415,15
TEST_12416,0
TEST_12417,10
TEST_12418,0
TEST_12419,15
TEST_12420,9
TEST_12421,5
TEST_12422,11
TEST_12423,0
TEST_12424,7
TEST_12425,16
TEST_12426,18
TEST_12427,16
TEST_12428,2
TEST_12429,4
TEST_12430,0
TEST_12431,15
TEST_12432,16
TEST_12433,15
TEST_12434,4
TEST_12435,15
TEST_12436,5
TEST_12437,17
TEST_12438,7
TEST_12439,14
TEST_12440,20
TEST_12441,1
TEST_12442,13
TEST_12443,12
TEST_12444,0
TEST_12445,7
TEST_12446,7
TEST_12447,9
TEST_12448,14
TEST_12449,6
TEST_12450,0
TEST_12451,5
TEST_12452,11
TEST_12453,14
TEST_12454,8
TEST_12455,14
TEST_12456,5
TEST_12457,11
TEST_12458,10
TEST_12459,17
TEST_12460,4
TEST_12461,10
TEST_12462,14
TEST_12463,9
TEST_12464,16
TEST_12465,16
TEST_12466,6
TEST_12467,4
TEST_12468,6
TEST_12469,1
TEST_12470,13
TEST_12471,7
TEST_12472,6
TEST_12473,20
TEST_12474,4
TEST_12475,6
TEST_12476,11
TEST_12477,5
TEST_12478,5
TEST_12479,14
TEST_12480,0
TEST_12481,16
TEST_12482,10
TEST_12483,14
TEST_12484,8
TEST_12485,20
TEST_12486,18
TEST_12487,12
TEST_12488,20
TEST_12489,6
TEST_12490,6
TEST_12491,11
TEST_12492,19
TEST_12493,3
TEST_12494,12
TEST_12495,12
TEST_12496,7
TEST_12497,8
TEST_12498,5
TEST_12499,12
TEST_12500,5
TEST_12501,6
TEST_12502,1
TEST_12503,1
TEST_12504,14
TEST_12505,9
TEST_12506,6
TEST_12507,2
TEST_12508,7
TEST_12509,1
TEST_12510,20
TEST_12511,20
TEST_12512,18
TEST_12513,14
TEST_12514,14
TEST_12515,1
TEST_12516,5
TEST_12517,18
TEST_12518,12
TEST_12519,1
TEST_12520,0
TEST_12521,1
TEST_12522,18
TEST_12523,17
TEST_12524,19
TEST_12525,12
TEST_12526,15
TEST_12527,2
TEST_12528,18
TEST_12529,9
TEST_12530,5
TEST_12531,7
TEST_12532,6
TEST_12533,15
TEST_12534,10
TEST_12535,11
TEST_12536,7
TEST_12537,18
TEST_12538,17
TEST_12539,7
TEST_12540,5
TEST_12541,3
TEST_12542,7
TEST_12543,12
TEST_12544,18
TEST_12545,10
TEST_12546,14
TEST_12547,19
TEST_12548,2
TEST_12549,7
TEST_12550,7
TEST_12551,20
TEST_12552,16
TEST_12553,17
TEST_12554,6
TEST_12555,18
TEST_12556,10
TEST_12557,19
TEST_12558,11
TEST_12559,5
TEST_12560,2
TEST_12561,16
TEST_12562,10
TEST_12563,9
TEST_12564,0
TEST_12565,11
TEST_12566,18
TEST_12567,11
TEST_12568,18
TEST_12569,4
TEST_12570,5
TEST_12571,12
TEST_12572,3
TEST_12573,10
TEST_12574,17
TEST_12575,1
TEST_12576,20
TEST_12577,0
TEST_12578,3
TEST_12579,17
TEST_12580,15
TEST_12581,3
TEST_12582,10
TEST_12583,11
TEST_12584,10
TEST_12585,1
TEST_12586,20
TEST_12587,4
TEST_12588,14
TEST_12589,3
TEST_12590,15
TEST_12591,16
TEST_12592,9
TEST_12593,6
TEST_12594,2
TEST_12595,15
TEST_12596,15
TEST_12597,13
TEST_12598,8
TEST_12599,4
TEST_12600,16
TEST_12601,18
TEST_12602,14
TEST_12603,7
TEST_12604,17
TEST_12605,13
TEST_12606,3
TEST_12607,18
TEST_12608,8
TEST_12609,8
TEST_12610,14
TEST_12611,9
TEST_12612,6
TEST_12613,7
TEST_12614,3
TEST_12615,6
TEST_12616,15
TEST_12617,14
TEST_12618,0
TEST_12619,1
TEST_12620,14
TEST_12621,6
TEST_12622,10
TEST_12623,16
TEST_12624,12
TEST_12625,9
TEST_12626,8
TEST_12627,14
TEST_12628,15
TEST_12629,0
TEST_12630,2
TEST_12631,15
TEST_12632,12
TEST_12633,6
TEST_12634,10
TEST_12635,2
TEST_12636,5
TEST_12637,0
TEST_12638,11
TEST_12639,18
TEST_12640,13
TEST_12641,8
TEST_12642,5
TEST_12643,6
TEST_12644,17
TEST_12645,12
TEST_12646,1
TEST_12647,4
TEST_12648,10
TEST_12649,17
TEST_12650,12
TEST_12651,16
TEST_12652,6
TEST_12653,14
TEST_12654,5
TEST_12655,4
TEST_12656,13
TEST_12657,14
TEST_12658,1
TEST_12659,18
TEST_12660,19
TEST_12661,18
TEST_12662,18
TEST_12663,11
TEST_12664,7
TEST_12665,15
TEST_12666,4
TEST_12667,10
TEST_12668,0
TEST_12669,8
TEST_12670,4
TEST_12671,9
TEST_12672,7
TEST_12673,18
TEST_12674,10
TEST_12675,1
TEST_12676,16
TEST_12677,7
TEST_12678,7
TEST_12679,1
TEST_12680,6
TEST_12681,3
TEST_12682,13
TEST_12683,15
TEST_12684,2
TEST_12685,16
TEST_12686,16
TEST_12687,10
TEST_12688,17
TEST_12689,3
TEST_12690,1
TEST_12691,0
TEST_12692,15
TEST_12693,0
TEST_12694,12
TEST_12695,16
TEST_12696,20
TEST_12697,12
TEST_12698,7
TEST_12699,8
TEST_12700,3
TEST_12701,14
TEST_12702,3
TEST_12703,4
TEST_12704,11
TEST_12705,19
TEST_12706,2
TEST_12707,0
TEST_12708,18
TEST_12709,11
TEST_12710,18
TEST_12711,15
TEST_12712,7
TEST_12713,9
TEST_12714,11
TEST_12715,5
TEST_12716,5
TEST_12717,4
TEST_12718,14
TEST_12719,14
TEST_12720,5
TEST_12721,19
TEST_12722,3
TEST_12723,16
TEST_12724,17
TEST_12725,20
TEST_12726,20
TEST_12727,19
TEST_12728,3
TEST_12729,10
TEST_12730,7
TEST_12731,0
TEST_12732,0
TEST_12733,1
TEST_12734,13
TEST_12735,16
TEST_12736,2
TEST_12737,6
TEST_12738,9
TEST_12739,13
TEST_12740,6
TEST_12741,2
TEST_12742,2
TEST_12743,0
TEST_12744,11
TEST_12745,2
TEST_12746,16
TEST_12747,8
TEST_12748,3
TEST_12749,14
TEST_12750,12
TEST_12751,4
TEST_12752,3
TEST_12753,11
TEST_12754,17
TEST_12755,12
TEST_12756,7
TEST_12757,11
TEST_12758,16
TEST_12759,2
TEST_12760,1
TEST_12761,16
TEST_12762,10
TEST_12763,7
TEST_12764,18
TEST_12765,15
TEST_12766,1
TEST_12767,19
TEST_12768,0
TEST_12769,8
TEST_12770,11
TEST_12771,16
TEST_12772,3
TEST_12773,2
TEST_12774,19
TEST_12775,1
TEST_12776,8
TEST_12777,17
TEST_12778,4
TEST_12779,0
TEST_12780,6
TEST_12781,12
TEST_12782,4
TEST_12783,3
TEST_12784,18
TEST_12785,12
TEST_12786,18
TEST_12787,12
TEST_12788,3
TEST_12789,4
TEST_12790,0
TEST_12791,5
TEST_12792,11
TEST_12793,19
TEST_12794,18
TEST_12795,18
TEST_12796,14
TEST_12797,3
TEST_12798,2
TEST_12799,3
TEST_12800,2
TEST_12801,9
TEST_12802,8
TEST_12803,3
TEST_12804,2
TEST_12805,9
TEST_12806,2
TEST_12807,9
TEST_12808,4
TEST_12809,18
TEST_12810,19
TEST_12811,8
TEST_12812,4
TEST_12813,4
TEST_12814,5
TEST_12815,2
TEST_12816,2
TEST_12817,11
TEST_12818,18
TEST_12819,13
TEST_12820,2
TEST_12821,17
TEST_12822,13
TEST_12823,20
TEST_12824,13
TEST_12825,4
TEST_12826,14
TEST_12827,5
TEST_12828,9
TEST_12829,20
TEST_12830,3
TEST_12831,15
TEST_12832,2
TEST_12833,17
TEST_12834,1
TEST_12835,18
TEST_12836,9
TEST_12837,3
TEST_12838,7
TEST_12839,6
TEST_12840,18
TEST_12841,13
TEST_12842,6
TEST_12843,20
TEST_12844,6
TEST_12845,15
TEST_12846,15
TEST_12847,3
TEST_12848,12
TEST_12849,4
TEST_12850,14
TEST_12851,19
TEST_12852,9
TEST_12853,9
TEST_12854,7
TEST_12855,3
TEST_12856,4
TEST_12857,11
TEST_12858,6
TEST_12859,2
TEST_12860,20
TEST_12861,14
TEST_12862,3
TEST_12863,0
TEST_12864,10
TEST_12865,9
TEST_12866,10
TEST_12867,15
TEST_12868,6
TEST_12869,8
TEST_12870,19
TEST_12871,2
TEST_12872,20
TEST_12873,13
TEST_12874,20
TEST_12875,9
TEST_12876,16
TEST_12877,10
TEST_12878,18
TEST_12879,11
TEST_12880,1
TEST_12881,4
TEST_12882,3
TEST_12883,6
TEST_12884,16
TEST_12885,3
TEST_12886,1
TEST_12887,10
TEST_12888,19
TEST_12889,11
TEST_12890,3
TEST_12891,17
TEST_12892,0
TEST_12893,2
TEST_12894,2
TEST_12895,18
TEST_12896,9
TEST_12897,9
TEST_12898,15
TEST_12899,7
TEST_12900,10
TEST_12901,20
TEST_12902,1
TEST_12903,7
TEST_12904,1
TEST_12905,1
TEST_12906,7
TEST_12907,20
TEST_12908,4
TEST_12909,8
TEST_12910,8
TEST_12911,0
TEST_12912,15
TEST_12913,15
TEST_12914,11
TEST_12915,1
TEST_12916,2
TEST_12917,6
TEST_12918,2
TEST_12919,8
TEST_12920,0
TEST_12921,19
TEST_12922,1
TEST_12923,19
TEST_12924,17
TEST_12925,13
TEST_12926,2
TEST_12927,12
TEST_12928,3
TEST_12929,7
TEST_12930,10
TEST_12931,18
TEST_12932,5
TEST_12933,12
TEST_12934,16
TEST_12935,6
TEST_12936,7
TEST_12937,9
TEST_12938,2
TEST_12939,19
TEST_12940,4
TEST_12941,0
TEST_12942,0
TEST_12943,12
TEST_12944,6
TEST_12945,20
TEST_12946,11
TEST_12947,18
TEST_12948,1
TEST_12949,8
TEST_12950,20
TEST_12951,17
TEST_12952,6
TEST_12953,15
TEST_12954,9
TEST_12955,8
TEST_12956,9
TEST_12957,20
TEST_12958,4
TEST_12959,14
TEST_12960,20
TEST_12961,1
TEST_12962,13
TEST_12963,9
TEST_12964,4
TEST_12965,5
TEST_12966,4
TEST_12967,20
TEST_12968,3
TEST_12969,3
TEST_12970,1
TEST_12971,2
TEST_12972,16
TEST_12973,18
TEST_12974,7
TEST_12975,13
TEST_12976,15
TEST_12977,10
TEST_12978,14
TEST_12979,19
TEST_12980,17
TEST_12981,11
TEST_12982,1
TEST_12983,19
TEST_12984,8
TEST_12985,11
TEST_12986,2
TEST_12987,6
TEST_12988,11
TEST_12989,2
TEST_12990,9
TEST_12991,15
TEST_12992,15
TEST_12993,10
TEST_12994,2
TEST_12995,5
TEST_12996,17
TEST_12997,2
TEST_12998,20
TEST_12999,17
TEST_13000,19
TEST_13001,14
TEST_13002,6
TEST_13003,14
TEST_13004,4
TEST_13005,6
TEST_13006,7
TEST_13007,4
TEST_13008,1
TEST_13009,11
TEST_13010,20
TEST_13011,20
TEST_13012,12
TEST_13013,9
TEST_13014,11
TEST_13015,0
TEST_13016,4
TEST_13017,2
TEST_13018,17
TEST_13019,12
TEST_13020,2
TEST_13021,16
TEST_13022,18
TEST_13023,20
TEST_13024,19
TEST_13025,20
TEST_13026,12
TEST_13027,15
TEST_13028,10
TEST_13029,19
TEST_13030,14
TEST_13031,19
TEST_13032,20
TEST_13033,14
TEST_13034,0
TEST_13035,11
TEST_13036,1
TEST_13037,16
TEST_13038,2
TEST_13039,12
TEST_13040,17
TEST_13041,0
TEST_13042,11
TEST_13043,9
TEST_13044,4
TEST_13045,2
TEST_13046,0
TEST_13047,1
TEST_13048,11
TEST_13049,2
TEST_13050,12
TEST_13051,19
TEST_13052,18
TEST_13053,6
TEST_13054,13
TEST_13055,2
TEST_13056,0
TEST_13057,3
TEST_13058,13
TEST_13059,1
TEST_13060,6
TEST_13061,0
TEST_13062,5
TEST_13063,10
TEST_13064,17
TEST_13065,18
TEST_13066,13
TEST_13067,15
TEST_13068,0
TEST_13069,15
TEST_13070,1
TEST_13071,15
TEST_13072,2
TEST_13073,15
TEST_13074,6
TEST_13075,0
TEST_13076,4
TEST_13077,20
TEST_13078,19
TEST_13079,4
TEST_13080,13
TEST_13081,4
TEST_13082,1
TEST_13083,4
TEST_13084,7
TEST_13085,13
TEST_13086,11
TEST_13087,5
TEST_13088,15
TEST_13089,15
TEST_13090,19
TEST_13091,20
TEST_13092,6
TEST_13093,10
TEST_13094,17
TEST_13095,2
TEST_13096,11
TEST_13097,1
TEST_13098,19
TEST_13099,11
TEST_13100,16
TEST_13101,14
TEST_13102,20
TEST_13103,6
TEST_13104,20
TEST_13105,8
TEST_13106,4
TEST_13107,20
TEST_13108,8
TEST_13109,0
TEST_13110,10
TEST_13111,18
TEST_13112,11
TEST_13113,7
TEST_13114,8
TEST_13115,3
TEST_13116,3
TEST_13117,11
TEST_13118,4
TEST_13119,13
TEST_13120,13
TEST_13121,17
TEST_13122,18
TEST_13123,1
TEST_13124,7
TEST_13125,3
TEST_13126,7
TEST_13127,6
TEST_13128,4
TEST_13129,1
TEST_13130,11
TEST_13131,18
TEST_13132,18
TEST_13133,1
TEST_13134,13
TEST_13135,1
TEST_13136,20
TEST_13137,9
TEST_13138,5
TEST_13139,8
TEST_13140,3
TEST_13141,0
TEST_13142,3
TEST_13143,4
TEST_13144,9
TEST_13145,5
TEST_13146,14
TEST_13147,13
TEST_13148,0
TEST_13149,9
TEST_13150,6
TEST_13151,3
TEST_13152,10
TEST_13153,13
TEST_13154,6
TEST_13155,17
TEST_13156,13
TEST_13157,13
TEST_13158,7
TEST_13159,4
TEST_13160,1
TEST_13161,2
TEST_13162,6
TEST_13163,19
TEST_13164,11
TEST_13165,14
TEST_13166,7
TEST_13167,6
TEST_13168,11
TEST_13169,7
TEST_13170,2
TEST_13171,13
TEST_13172,16
TEST_13173,3
TEST_13174,4
TEST_13175,12
TEST_13176,1
TEST_13177,5
TEST_13178,11
TEST_13179,17
TEST_13180,3
TEST_13181,16
TEST_13182,5
TEST_13183,15
TEST_13184,8
TEST_13185,8
TEST_13186,4
TEST_13187,4
TEST_13188,13
TEST_13189,8
TEST_13190,18
TEST_13191,4
TEST_13192,12
TEST_13193,7
TEST_13194,11
TEST_13195,12
TEST_13196,17
TEST_13197,18
TEST_13198,13
TEST_13199,8
TEST_13200,16
TEST_13201,9
TEST_13202,13
TEST_13203,2
TEST_13204,16
TEST_13205,1
TEST_13206,8
TEST_13207,7
TEST_13208,2
TEST_13209,11
TEST_13210,9
TEST_13211,12
TEST_13212,12
TEST_13213,10
TEST_13214,18
TEST_13215,20
TEST_13216,1
TEST_13217,20
TEST_13218,11
TEST_13219,2
TEST_13220,5
TEST_13221,16
TEST_13222,14
TEST_13223,13
TEST_13224,4
TEST_13225,8
TEST_13226,9
TEST_13227,6
TEST_13228,10
TEST_13229,5
TEST_13230,9
TEST_13231,2
TEST_13232,14
TEST_13233,20
TEST_13234,8
TEST_13235,8
TEST_13236,15
TEST_13237,17
TEST_13238,12
TEST_13239,8
TEST_13240,5
TEST_13241,20
TEST_13242,2
TEST_13243,11
TEST_13244,19
TEST_13245,8
TEST_13246,4
TEST_13247,18
TEST_13248,4
TEST_13249,0
TEST_13250,8
TEST_13251,5
TEST_13252,14
TEST_13253,17
TEST_13254,6
TEST_13255,15
TEST_13256,4
TEST_13257,16
TEST_13258,2
TEST_13259,18
TEST_13260,13
TEST_13261,7
TEST_13262,6
TEST_13263,6
TEST_13264,8
TEST_13265,8
TEST_13266,19
TEST_13267,8
TEST_13268,1
TEST_13269,19
TEST_13270,8
TEST_13271,1
TEST_13272,4
TEST_13273,12
TEST_13274,17
TEST_13275,9
TEST_13276,3
TEST_13277,2
TEST_13278,20
TEST_13279,15
TEST_13280,2
TEST_13281,12
TEST_13282,20
TEST_13283,12
TEST_13284,1
TEST_13285,19
TEST_13286,6
TEST_13287,11
TEST_13288,15
TEST_13289,3
TEST_13290,0
TEST_13291,1
TEST_13292,4
TEST_13293,19
TEST_13294,11
TEST_13295,6
TEST_13296,3
TEST_13297,3
TEST_13298,19
TEST_13299,10
TEST_13300,4
TEST_13301,11
TEST_13302,20
TEST_13303,17
TEST_13304,15
TEST_13305,20
TEST_13306,0
TEST_13307,17
TEST_13308,5
TEST_13309,7
TEST_13310,0
TEST_13311,19
TEST_13312,0
TEST_13313,13
TEST_13314,4
TEST_13315,20
TEST_13316,18
TEST_13317,13
TEST_13318,3
TEST_13319,11
TEST_13320,11
TEST_13321,4
TEST_13322,4
TEST_13323,1
TEST_13324,6
TEST_13325,14
TEST_13326,15
TEST_13327,13
TEST_13328,2
TEST_13329,4
TEST_13330,10
TEST_13331,14
TEST_13332,4
TEST_13333,20
TEST_13334,1
TEST_13335,1
TEST_13336,3
TEST_13337,14
TEST_13338,18
TEST_13339,12
TEST_13340,6
TEST_13341,11
TEST_13342,17
TEST_13343,8
TEST_13344,13
TEST_13345,12
TEST_13346,16
TEST_13347,6
TEST_13348,2
TEST_13349,17
TEST_13350,20
TEST_13351,17
TEST_13352,6
TEST_13353,1
TEST_13354,0
TEST_13355,10
TEST_13356,12
TEST_13357,0
TEST_13358,14
TEST_13359,13
TEST_13360,10
TEST_13361,2
TEST_13362,2
TEST_13363,18
TEST_13364,1
TEST_13365,14
TEST_13366,0
TEST_13367,13
TEST_13368,1
TEST_13369,3
TEST_13370,4
TEST_13371,4
TEST_13372,15
TEST_13373,17
TEST_13374,4
TEST_13375,16
TEST_13376,19
TEST_13377,20
TEST_13378,3
TEST_13379,13
TEST_13380,13
TEST_13381,13
TEST_13382,14
TEST_13383,13
TEST_13384,6
TEST_13385,16
TEST_13386,14
TEST_13387,1
TEST_13388,3
TEST_13389,11
TEST_13390,18
TEST_13391,15
TEST_13392,18
TEST_13393,12
TEST_13394,16
TEST_13395,12
TEST_13396,0
TEST_13397,3
TEST_13398,11
TEST_13399,12
TEST_13400,11
TEST_13401,2
TEST_13402,16
TEST_13403,8
TEST_13404,18
TEST_13405,7
TEST_13406,0
TEST_13407,4
TEST_13408,12
TEST_13409,5
TEST_13410,1
TEST_13411,19
TEST_13412,20
TEST_13413,17
TEST_13414,16
TEST_13415,3
TEST_13416,20
TEST_13417,14
TEST_13418,15
TEST_13419,0
TEST_13420,18
TEST_13421,9
TEST_13422,5
TEST_13423,8
TEST_13424,2
TEST_13425,15
TEST_13426,18
TEST_13427,17
TEST_13428,17
TEST_13429,2
TEST_13430,15
TEST_13431,6
TEST_13432,11
TEST_13433,11
TEST_13434,17
TEST_13435,1
TEST_13436,7
TEST_13437,18
TEST_13438,4
TEST_13439,7
TEST_13440,8
TEST_13441,3
TEST_13442,15
TEST_13443,13
TEST_13444,20
TEST_13445,13
TEST_13446,4
TEST_13447,18
TEST_13448,9
TEST_13449,13
TEST_13450,20
TEST_13451,6
TEST_13452,3
TEST_13453,3
TEST_13454,15
TEST_13455,16
TEST_13456,7
TEST_13457,18
TEST_13458,16
TEST_13459,12
TEST_13460,16
TEST_13461,13
TEST_13462,10
TEST_13463,17
TEST_13464,1
TEST_13465,13
TEST_13466,15
TEST_13467,0
TEST_13468,7
TEST_13469,17
TEST_13470,10
TEST_13471,20
TEST_13472,7
TEST_13473,17
TEST_13474,6
TEST_13475,19
TEST_13476,9
TEST_13477,5
TEST_13478,12
TEST_13479,1
TEST_13480,17
TEST_13481,20
TEST_13482,5
TEST_13483,4
TEST_13484,13
TEST_13485,18
TEST_13486,9
TEST_13487,1
TEST_13488,10
TEST_13489,20
TEST_13490,11
TEST_13491,6
TEST_13492,14
TEST_13493,13
TEST_13494,0
TEST_13495,3
TEST_13496,10
TEST_13497,16
TEST_13498,4
TEST_13499,20
TEST_13500,15
TEST_13501,0
TEST_13502,2
TEST_13503,2
TEST_13504,15
TEST_13505,12
TEST_13506,19
TEST_13507,9
TEST_13508,8
TEST_13509,2
TEST_13510,2
TEST_13511,12
TEST_13512,3
TEST_13513,11
TEST_13514,15
TEST_13515,17
TEST_13516,12
TEST_13517,18
TEST_13518,9
TEST_13519,19
TEST_13520,1
TEST_13521,10
TEST_13522,16
TEST_13523,19
TEST_13524,19
TEST_13525,9
TEST_13526,3
TEST_13527,17
TEST_13528,0
TEST_13529,0
TEST_13530,3
TEST_13531,10
TEST_13532,2
TEST_13533,13
TEST_13534,15
TEST_13535,5
TEST_13536,11
TEST_13537,17
TEST_13538,14
TEST_13539,0
TEST_13540,16
TEST_13541,15
TEST_13542,15
TEST_13543,14
TEST_13544,8
TEST_13545,2
TEST_13546,13
TEST_13547,16
TEST_13548,13
TEST_13549,0
TEST_13550,1
TEST_13551,3
TEST_13552,5
TEST_13553,4
TEST_13554,3
TEST_13555,13
TEST_13556,2
TEST_13557,15
TEST_13558,19
TEST_13559,11
TEST_13560,19
TEST_13561,8
TEST_13562,6
TEST_13563,13
TEST_13564,9
TEST_13565,15
TEST_13566,3
TEST_13567,11
TEST_13568,12
TEST_13569,15
TEST_13570,8
TEST_13571,11
TEST_13572,17
TEST_13573,4
TEST_13574,6
TEST_13575,19
TEST_13576,7
TEST_13577,10
TEST_13578,9
TEST_13579,11
TEST_13580,17
TEST_13581,19
TEST_13582,11
TEST_13583,2
TEST_13584,5
TEST_13585,1
TEST_13586,12
TEST_13587,15
TEST_13588,0
TEST_13589,9
TEST_13590,7
TEST_13591,13
TEST_13592,3
TEST_13593,16
TEST_13594,2
TEST_13595,11
TEST_13596,13
TEST_13597,19
TEST_13598,10
TEST_13599,8
TEST_13600,19
TEST_13601,12
TEST_13602,2
TEST_13603,7
TEST_13604,7
TEST_13605,17
TEST_13606,1
TEST_13607,1
TEST_13608,0
TEST_13609,17
TEST_13610,0
TEST_13611,12
TEST_13612,10
TEST_13613,16
TEST_13614,20
TEST_13615,1
TEST_13616,1
TEST_13617,0
TEST_13618,10
TEST_13619,6
TEST_13620,18
TEST_13621,8
TEST_13622,18
TEST_13623,8
TEST_13624,10
TEST_13625,1
TEST_13626,10
TEST_13627,14
TEST_13628,18
TEST_13629,4
TEST_13630,19
TEST_13631,4
TEST_13632,20
TEST_13633,11
TEST_13634,13
TEST_13635,19
TEST_13636,14
TEST_13637,13
TEST_13638,16
TEST_13639,18
TEST_13640,16
TEST_13641,6
TEST_13642,1
TEST_13643,0
TEST_13644,0
TEST_13645,14
TEST_13646,11
TEST_13647,12
TEST_13648,16
TEST_13649,1
TEST_13650,7
TEST_13651,16
TEST_13652,3
TEST_13653,6
TEST_13654,1
TEST_13655,10
TEST_13656,14
TEST_13657,6
TEST_13658,20
TEST_13659,17
TEST_13660,18
TEST_13661,17
TEST_13662,5
TEST_13663,17
TEST_13664,17
TEST_13665,4
TEST_13666,11
TEST_13667,6
TEST_13668,10
TEST_13669,17
TEST_13670,4
TEST_13671,0
TEST_13672,15
TEST_13673,20
TEST_13674,3
TEST_13675,18
TEST_13676,10
TEST_13677,16
TEST_13678,12
TEST_13679,8
TEST_13680,11
TEST_13681,20
TEST_13682,10
TEST_13683,13
TEST_13684,3
TEST_13685,10
TEST_13686,20
TEST_13687,6
TEST_13688,3
TEST_13689,19
TEST_13690,1
TEST_13691,19
TEST_13692,11
TEST_13693,3
TEST_13694,16
TEST_13695,14
TEST_13696,7
TEST_13697,4
TEST_13698,3
TEST_13699,16
TEST_13700,2
TEST_13701,10
TEST_13702,13
TEST_13703,18
TEST_13704,4
TEST_13705,2
TEST_13706,1
TEST_13707,4
TEST_13708,0
TEST_13709,13
TEST_13710,9
TEST_13711,16
TEST_13712,16
TEST_13713,18
TEST_13714,8
TEST_13715,8
TEST_13716,1
TEST_13717,11
TEST_13718,15
TEST_13719,0
TEST_13720,2
TEST_13721,8
TEST_13722,1
TEST_13723,18
TEST_13724,19
TEST_13725,7
TEST_13726,15
TEST_13727,14
TEST_13728,4
TEST_13729,7
TEST_13730,10
TEST_13731,13
TEST_13732,7
TEST_13733,10
TEST_13734,4
TEST_13735,4
TEST_13736,4
TEST_13737,5
TEST_13738,15
TEST_13739,20
TEST_13740,17
TEST_13741,15
TEST_13742,10
TEST_13743,13
TEST_13744,2
TEST_13745,6
TEST_13746,2
TEST_13747,4
TEST_13748,4
TEST_13749,9
TEST_13750,17
TEST_13751,1
TEST_13752,11
TEST_13753,10
TEST_13754,19
TEST_13755,3
TEST_13756,1
TEST_13757,12
TEST_13758,14
TEST_13759,17
TEST_13760,13
TEST_13761,14
TEST_13762,2
TEST_13763,6
TEST_13764,13
TEST_13765,18
TEST_13766,19
TEST_13767,10
TEST_13768,5
TEST_13769,11
TEST_13770,1
TEST_13771,4
TEST_13772,13
TEST_13773,15
TEST_13774,8
TEST_13775,2
TEST_13776,12
TEST_13777,17
TEST_13778,12
TEST_13779,17
TEST_13780,6
TEST_13781,4
TEST_13782,3
TEST_13783,1
TEST_13784,15
TEST_13785,12
TEST_13786,3
TEST_13787,14
TEST_13788,5
TEST_13789,3
TEST_13790,20
TEST_13791,10
TEST_13792,19
TEST_13793,10
TEST_13794,4
TEST_13795,16
TEST_13796,16
TEST_13797,5
TEST_13798,2
TEST_13799,7
TEST_13800,11
TEST_13801,15
TEST_13802,19
TEST_13803,15
TEST_13804,14
TEST_13805,5
TEST_13806,9
TEST_13807,4
TEST_13808,12
TEST_13809,13
TEST_13810,10
TEST_13811,6
TEST_13812,8
TEST_13813,18
TEST_13814,14
TEST_13815,18
TEST_13816,17
TEST_13817,9
TEST_13818,0
TEST_13819,17
TEST_13820,0
TEST_13821,13
TEST_13822,5
TEST_13823,18
TEST_13824,17
TEST_13825,3
TEST_13826,10
TEST_13827,6
TEST_13828,13
TEST_13829,1
TEST_13830,9
TEST_13831,14
TEST_13832,0
TEST_13833,7
TEST_13834,6
TEST_13835,6
TEST_13836,1
TEST_13837,16
TEST_13838,9
TEST_13839,18
TEST_13840,12
TEST_13841,14
TEST_13842,20
TEST_13843,1
TEST_13844,12
TEST_13845,13
TEST_13846,8
TEST_13847,0
TEST_13848,18
TEST_13849,17
TEST_13850,11
TEST_13851,3
TEST_13852,13
TEST_13853,8
TEST_13854,9
TEST_13855,12
TEST_13856,4
TEST_13857,12
TEST_13858,18
TEST_13859,4
TEST_13860,2
TEST_13861,0
TEST_13862,3
TEST_13863,20
TEST_13864,18
TEST_13865,4
TEST_13866,14
TEST_13867,20
TEST_13868,19
TEST_13869,3
TEST_13870,6
TEST_13871,13
TEST_13872,18
TEST_13873,12
TEST_13874,16
TEST_13875,9
TEST_13876,19
TEST_13877,5
TEST_13878,6
TEST_13879,17
TEST_13880,6
TEST_13881,11
TEST_13882,4
TEST_13883,18
TEST_13884,16
TEST_13885,12
TEST_13886,1
TEST_13887,2
TEST_13888,2
TEST_13889,19
TEST_13890,1
TEST_13891,3
TEST_13892,9
TEST_13893,0
TEST_13894,16
TEST_13895,18
TEST_13896,7
TEST_13897,10
TEST_13898,8
TEST_13899,6
TEST_13900,0
TEST_13901,0
TEST_13902,9
TEST_13903,11
TEST_13904,11
TEST_13905,11
TEST_13906,14
TEST_13907,9
TEST_13908,11
TEST_13909,14
TEST_13910,6
TEST_13911,9
TEST_13912,20
TEST_13913,7
TEST_13914,19
TEST_13915,20
TEST_13916,13
TEST_13917,9
TEST_13918,2
TEST_13919,4
TEST_13920,3
TEST_13921,19
TEST_13922,14
TEST_13923,15
TEST_13924,16
TEST_13925,20
TEST_13926,8
TEST_13927,0
TEST_13928,3
TEST_13929,9
TEST_13930,19
TEST_13931,0
TEST_13932,8
TEST_13933,2
TEST_13934,2
TEST_13935,1
TEST_13936,13
TEST_13937,8
TEST_13938,4
TEST_13939,13
TEST_13940,18
TEST_13941,5
TEST_13942,10
TEST_13943,11
TEST_13944,10
TEST_13945,8
TEST_13946,17
TEST_13947,18
TEST_13948,17
TEST_13949,0
TEST_13950,13
TEST_13951,18
TEST_13952,16
TEST_13953,16
TEST_13954,20
TEST_13955,3
TEST_13956,5
TEST_13957,8
TEST_13958,13
TEST_13959,0
TEST_13960,20
TEST_13961,2
TEST_13962,18
TEST_13963,10
TEST_13964,20
TEST_13965,14
TEST_13966,9
TEST_13967,18
TEST_13968,20
TEST_13969,3
TEST_13970,12
TEST_13971,16
TEST_13972,5
TEST_13973,19
TEST_13974,7
TEST_13975,15
TEST_13976,11
TEST_13977,14
TEST_13978,0
TEST_13979,19
TEST_13980,18
TEST_13981,11
TEST_13982,7
TEST_13983,3
TEST_13984,18
TEST_13985,19
TEST_13986,19
TEST_13987,5
TEST_13988,15
TEST_13989,3
TEST_13990,9
TEST_13991,5
TEST_13992,11
TEST_13993,12
TEST_13994,18
TEST_13995,17
TEST_13996,19
TEST_13997,18
TEST_13998,4
TEST_13999,2
TEST_14000,2
TEST_14001,10
TEST_14002,2
TEST_14003,13
TEST_14004,2
TEST_14005,20
TEST_14006,13
TEST_14007,11
TEST_14008,9
TEST_14009,6
TEST_14010,13
TEST_14011,3
TEST_14012,3
TEST_14013,14
TEST_14014,13
TEST_14015,13
TEST_14016,19
TEST_14017,9
TEST_14018,1
TEST_14019,18
TEST_14020,14
TEST_14021,7
TEST_14022,10
TEST_14023,6
TEST_14024,15
TEST_14025,1
TEST_14026,19
TEST_14027,10
TEST_14028,11
TEST_14029,16
TEST_14030,1
TEST_14031,1
TEST_14032,7
TEST_14033,13
TEST_14034,7
TEST_14035,1
TEST_14036,2
TEST_14037,5
TEST_14038,4
TEST_14039,14
TEST_14040,9
TEST_14041,10
TEST_14042,4
TEST_14043,3
TEST_14044,2
TEST_14045,4
TEST_14046,8
TEST_14047,13
TEST_14048,9
TEST_14049,1
TEST_14050,4
TEST_14051,1
TEST_14052,5
TEST_14053,1
TEST_14054,2
TEST_14055,13
TEST_14056,20
TEST_14057,15
TEST_14058,19
TEST_14059,20
TEST_14060,11
TEST_14061,1
TEST_14062,15
TEST_14063,19
TEST_14064,11
TEST_14065,2
TEST_14066,2
TEST_14067,1
TEST_14068,7
TEST_14069,18
TEST_14070,6
TEST_14071,18
TEST_14072,5
TEST_14073,4
TEST_14074,19
TEST_14075,20
TEST_14076,3
TEST_14077,9
TEST_14078,10
TEST_14079,0
TEST_14080,17
TEST_14081,11
TEST_14082,14
TEST_14083,9
TEST_14084,15
TEST_14085,14
TEST_14086,8
TEST_14087,15
TEST_14088,7
TEST_14089,18
TEST_14090,5
TEST_14091,17
TEST_14092,5
TEST_14093,16
TEST_14094,18
TEST_14095,12
TEST_14096,9
TEST_14097,7
TEST_14098,6
TEST_14099,14
TEST_14100,10
TEST_14101,19
TEST_14102,7
TEST_14103,9
TEST_14104,18
TEST_14105,2
TEST_14106,13
TEST_14107,9
TEST_14108,14
TEST_14109,6
TEST_14110,7
TEST_14111,12
TEST_14112,0
TEST_14113,20
TEST_14114,11
TEST_14115,5
TEST_14116,18
TEST_14117,0
TEST_14118,6
TEST_14119,12
TEST_14120,20
TEST_14121,3
TEST_14122,15
TEST_14123,0
TEST_14124,20
TEST_14125,1
TEST_14126,20
TEST_14127,12
TEST_14128,14
TEST_14129,8
TEST_14130,14
TEST_14131,4
TEST_14132,19
TEST_14133,11
TEST_14134,7
TEST_14135,9
TEST_14136,18
TEST_14137,10
TEST_14138,13
TEST_14139,9
TEST_14140,19
TEST_14141,4
TEST_14142,14
TEST_14143,15
TEST_14144,1
TEST_14145,16
TEST_14146,10
TEST_14147,5
TEST_14148,19
TEST_14149,7
TEST_14150,18
TEST_14151,20
TEST_14152,6
TEST_14153,16
TEST_14154,1
TEST_14155,0
TEST_14156,8
TEST_14157,8
TEST_14158,16
TEST_14159,4
TEST_14160,10
TEST_14161,11
TEST_14162,20
TEST_14163,4
TEST_14164,14
TEST_14165,12
TEST_14166,15
TEST_14167,5
TEST_14168,18
TEST_14169,17
TEST_14170,5
TEST_14171,15
TEST_14172,5
TEST_14173,3
TEST_14174,16
TEST_14175,5
TEST_14176,0
TEST_14177,14
TEST_14178,4
TEST_14179,11
TEST_14180,12
TEST_14181,15
TEST_14182,0
TEST_14183,12
TEST_14184,14
TEST_14185,9
TEST_14186,5
TEST_14187,11
TEST_14188,19
TEST_14189,11
TEST_14190,0
TEST_14191,19
TEST_14192,19
TEST_14193,9
TEST_14194,7
TEST_14195,5
TEST_14196,9
TEST_14197,14
TEST_14198,19
TEST_14199,13
TEST_14200,11
TEST_14201,6
TEST_14202,15
TEST_14203,7
TEST_14204,12
TEST_14205,19
TEST_14206,11
TEST_14207,16
TEST_14208,17
TEST_14209,6
TEST_14210,6
TEST_14211,6
TEST_14212,6
TEST_14213,7
TEST_14214,12
TEST_14215,7
TEST_14216,16
TEST_14217,4
TEST_14218,18
TEST_14219,2
TEST_14220,6
TEST_14221,9
TEST_14222,3
TEST_14223,12
TEST_14224,7
TEST_14225,19
TEST_14226,1
TEST_14227,18
TEST_14228,16
TEST_14229,17
TEST_14230,9
TEST_14231,19
TEST_14232,15
TEST_14233,0
TEST_14234,3
TEST_14235,11
TEST_14236,9
TEST_14237,14
TEST_14238,19
TEST_14239,12
TEST_14240,5
TEST_14241,5
TEST_14242,18
TEST_14243,13
TEST_14244,13
TEST_14245,10
TEST_14246,18
TEST_14247,2
TEST_14248,15
TEST_14249,0
TEST_14250,2
TEST_14251,13
TEST_14252,20
TEST_14253,5
TEST_14254,12
TEST_14255,17
TEST_14256,20
TEST_14257,19
TEST_14258,5
TEST_14259,20
TEST_14260,16
TEST_14261,8
TEST_14262,8
TEST_14263,18
TEST_14264,16
TEST_14265,5
TEST_14266,4
TEST_14267,2
TEST_14268,11
TEST_14269,1
TEST_14270,19
TEST_14271,6
TEST_14272,6
TEST_14273,12
TEST_14274,16
TEST_14275,17
TEST_14276,12
TEST_14277,16
TEST_14278,10
TEST_14279,4
TEST_14280,16
TEST_14281,14
TEST_14282,10
TEST_14283,16
TEST_14284,20
TEST_14285,19
TEST_14286,18
TEST_14287,9
TEST_14288,12
TEST_14289,9
TEST_14290,17
TEST_14291,8
TEST_14292,6
TEST_14293,20
TEST_14294,10
TEST_14295,2
TEST_14296,7
TEST_14297,8
TEST_14298,17
TEST_14299,11
TEST_14300,0
TEST_14301,2
TEST_14302,14
TEST_14303,10
TEST_14304,17
TEST_14305,4
TEST_14306,4
TEST_14307,5
TEST_14308,6
TEST_14309,13
TEST_14310,10
TEST_14311,16
TEST_14312,5
TEST_14313,5
TEST_14314,1
TEST_14315,18
TEST_14316,18
TEST_14317,0
TEST_14318,19
TEST_14319,8
TEST_14320,5
TEST_14321,16
TEST_14322,2
TEST_14323,5
TEST_14324,10
TEST_14325,0
TEST_14326,18
TEST_14327,8
TEST_14328,0
TEST_14329,12
TEST_14330,6
TEST_14331,10
TEST_14332,16
TEST_14333,11
TEST_14334,10
TEST_14335,10
TEST_14336,1
TEST_14337,13
TEST_14338,5
TEST_14339,6
TEST_14340,19
TEST_14341,8
TEST_14342,14
TEST_14343,3
TEST_14344,9
TEST_14345,17
TEST_14346,16
TEST_14347,2
TEST_14348,12
TEST_14349,12
TEST_14350,5
TEST_14351,9
TEST_14352,12
TEST_14353,14
TEST_14354,10
TEST_14355,7
TEST_14356,13
TEST_14357,17
TEST_14358,17
TEST_14359,19
TEST_14360,6
TEST_14361,8
TEST_14362,20
TEST_14363,8
TEST_14364,4
TEST_14365,20
TEST_14366,10
TEST_14367,1
TEST_14368,18
TEST_14369,1
TEST_14370,5
TEST_14371,9
TEST_14372,13
TEST_14373,14
TEST_14374,2
TEST_14375,1
TEST_14376,10
TEST_14377,7
TEST_14378,11
TEST_14379,15
TEST_14380,6
TEST_14381,13
TEST_14382,4
TEST_14383,1
TEST_14384,9
TEST_14385,3
TEST_14386,2
TEST_14387,9
TEST_14388,16
TEST_14389,18
TEST_14390,6
TEST_14391,13
TEST_14392,13
TEST_14393,6
TEST_14394,8
TEST_14395,8
TEST_14396,17
TEST_14397,6
TEST_14398,4
TEST_14399,2
TEST_14400,9
TEST_14401,10
TEST_14402,8
TEST_14403,20
TEST_14404,9
TEST_14405,15
TEST_14406,19
TEST_14407,8
TEST_14408,0
TEST_14409,9
TEST_14410,19
TEST_14411,11
TEST_14412,6
TEST_14413,5
TEST_14414,10
TEST_14415,6
TEST_14416,18
TEST_14417,3
TEST_14418,15
TEST_14419,18
TEST_14420,0
TEST_14421,5
TEST_14422,7
TEST_14423,13
TEST_14424,0
TEST_14425,13
TEST_14426,11
TEST_14427,19
TEST_14428,2
TEST_14429,14
TEST_14430,0
TEST_14431,4
TEST_14432,4
TEST_14433,2
TEST_14434,15
TEST_14435,7
TEST_14436,16
TEST_14437,7
TEST_14438,0
TEST_14439,4
TEST_14440,6
TEST_14441,0
TEST_14442,20
TEST_14443,5
TEST_14444,11
TEST_14445,6
TEST_14446,1
TEST_14447,5
TEST_14448,11
TEST_14449,13
TEST_14450,20
TEST_14451,4
TEST_14452,18
TEST_14453,2
TEST_14454,19
TEST_14455,2
TEST_14456,4
TEST_14457,17
TEST_14458,2
TEST_14459,3
TEST_14460,13
TEST_14461,12
TEST_14462,16
TEST_14463,7
TEST_14464,13
TEST_14465,12
TEST_14466,14
TEST_14467,2
TEST_14468,13
TEST_14469,17
TEST_14470,19
TEST_14471,13
TEST_14472,12
TEST_14473,12
TEST_14474,3
TEST_14475,11
TEST_14476,0
TEST_14477,14
TEST_14478,6
TEST_14479,4
TEST_14480,17
TEST_14481,13
TEST_14482,4
TEST_14483,5
TEST_14484,11
TEST_14485,20
TEST_14486,7
TEST_14487,12
TEST_14488,19
TEST_14489,16
TEST_14490,9
TEST_14491,9
TEST_14492,14
TEST_14493,11
TEST_14494,2
TEST_14495,2
TEST_14496,17
TEST_14497,6
TEST_14498,4
TEST_14499,16
TEST_14500,4
TEST_14501,12
TEST_14502,19
TEST_14503,0
TEST_14504,17
TEST_14505,10
TEST_14506,17
TEST_14507,19
TEST_14508,11
TEST_14509,19
TEST_14510,18
TEST_14511,6
TEST_14512,5
TEST_14513,6
TEST_14514,1
TEST_14515,20
TEST_14516,20
TEST_14517,11
TEST_14518,13
TEST_14519,13
TEST_14520,13
TEST_14521,16
TEST_14522,10
TEST_14523,18
TEST_14524,0
TEST_14525,8
TEST_14526,9
TEST_14527,6
TEST_14528,12
TEST_14529,2
TEST_14530,19
TEST_14531,0
TEST_14532,2
TEST_14533,13
TEST_14534,10
TEST_14535,10
TEST_14536,9
TEST_14537,8
TEST_14538,2
TEST_14539,2
TEST_14540,10
TEST_14541,11
TEST_14542,11
TEST_14543,9
TEST_14544,1
TEST_14545,9
TEST_14546,14
TEST_14547,18
TEST_14548,12
TEST_14549,15
TEST_14550,10
TEST_14551,20
TEST_14552,8
TEST_14553,14
TEST_14554,0
TEST_14555,5
TEST_14556,2
TEST_14557,18
TEST_14558,14
TEST_14559,18
TEST_14560,14
TEST_14561,2
TEST_14562,4
TEST_14563,17
TEST_14564,10
TEST_14565,1
TEST_14566,18
TEST_14567,4
TEST_14568,13
TEST_14569,3
TEST_14570,5
TEST_14571,17
TEST_14572,20
TEST_14573,5
TEST_14574,14
TEST_14575,18
TEST_14576,2
TEST_14577,16
TEST_14578,20
TEST_14579,17
TEST_14580,8
TEST_14581,3
TEST_14582,15
TEST_14583,17
TEST_14584,5
TEST_14585,18
TEST_14586,20
TEST_14587,4
TEST_14588,13
TEST_14589,4
TEST_14590,16
TEST_14591,10
TEST_14592,8
TEST_14593,3
TEST_14594,13
TEST_14595,15
TEST_14596,9
TEST_14597,17
TEST_14598,1
TEST_14599,3
TEST_14600,19
TEST_14601,14
TEST_14602,16
TEST_14603,13
TEST_14604,3
TEST_14605,16
TEST_14606,7
TEST_14607,5
TEST_14608,3
TEST_14609,0
TEST_14610,16
TEST_14611,6
TEST_14612,2
TEST_14613,19
TEST_14614,18
TEST_14615,14
TEST_14616,11
TEST_14617,13
TEST_14618,7
TEST_14619,15
TEST_14620,4
TEST_14621,17
TEST_14622,1
TEST_14623,18
TEST_14624,20
TEST_14625,16
TEST_14626,0
TEST_14627,3
TEST_14628,19
TEST_14629,5
TEST_14630,4
TEST_14631,13
TEST_14632,16
TEST_14633,0
TEST_14634,3
TEST_14635,7
TEST_14636,2
TEST_14637,20
TEST_14638,15
TEST_14639,7
TEST_14640,1
TEST_14641,11
TEST_14642,7
TEST_14643,2
TEST_14644,20
TEST_14645,15
TEST_14646,7
TEST_14647,17
TEST_14648,11
TEST_14649,14
TEST_14650,11
TEST_14651,0
TEST_14652,10
TEST_14653,14
TEST_14654,13
TEST_14655,7
TEST_14656,19
TEST_14657,7
TEST_14658,17
TEST_14659,5
TEST_14660,13
TEST_14661,7
TEST_14662,5
TEST_14663,17
TEST_14664,0
TEST_14665,4
TEST_14666,11
TEST_14667,20
TEST_14668,3
TEST_14669,19
TEST_14670,14
TEST_14671,2
TEST_14672,20
TEST_14673,10
TEST_14674,11
TEST_14675,2
TEST_14676,11
TEST_14677,9
TEST_14678,13
TEST_14679,6
TEST_14680,7
TEST_14681,15
TEST_14682,20
TEST_14683,4
TEST_14684,10
TEST_14685,12
TEST_14686,8
TEST_14687,14
TEST_14688,6
TEST_14689,4
TEST_14690,0
TEST_14691,1
TEST_14692,2
TEST_14693,19
TEST_14694,1
TEST_14695,9
TEST_14696,5
TEST_14697,12
TEST_14698,0
TEST_14699,3
TEST_14700,18
TEST_14701,11
TEST_14702,18
TEST_14703,4
TEST_14704,7
TEST_14705,20
TEST_14706,20
TEST_14707,10
TEST_14708,1
TEST_14709,11
TEST_14710,6
TEST_14711,6
TEST_14712,8
TEST_14713,11
TEST_14714,4
TEST_14715,10
TEST_14716,20
TEST_14717,13
TEST_14718,1
TEST_14719,14
TEST_14720,18
TEST_14721,5
TEST_14722,2
TEST_14723,9
TEST_14724,7
TEST_14725,10
TEST_14726,12
TEST_14727,18
TEST_14728,3
TEST_14729,3
TEST_14730,6
TEST_14731,18
TEST_14732,11
TEST_14733,4
TEST_14734,10
TEST_14735,7
TEST_14736,16
TEST_14737,12
TEST_14738,20
TEST_14739,9
TEST_14740,14
TEST_14741,20
TEST_14742,16
TEST_14743,9
TEST_14744,20
TEST_14745,7
TEST_14746,3
TEST_14747,1
TEST_14748,16
TEST_14749,19
TEST_14750,4
TEST_14751,13
TEST_14752,4
TEST_14753,11
TEST_14754,15
TEST_14755,16
TEST_14756,18
TEST_14757,3
TEST_14758,14
TEST_14759,13
TEST_14760,5
TEST_14761,0
TEST_14762,2
TEST_14763,20
TEST_14764,9
TEST_14765,15
TEST_14766,15
TEST_14767,13
TEST_14768,12
TEST_14769,15
TEST_14770,0
TEST_14771,2
TEST_14772,2
TEST_14773,18
TEST_14774,8
TEST_14775,0
TEST_14776,2
TEST_14777,20
TEST_14778,19
TEST_14779,9
TEST_14780,8
TEST_14781,8
TEST_14782,20
TEST_14783,14
TEST_14784,6
TEST_14785,20
TEST_14786,2
TEST_14787,20
TEST_14788,8
TEST_14789,14
TEST_14790,20
TEST_14791,15
TEST_14792,7
TEST_14793,17
TEST_14794,0
TEST_14795,2
TEST_14796,11
TEST_14797,2
TEST_14798,16
TEST_14799,19
TEST_14800,2
TEST_14801,4
TEST_14802,19
TEST_14803,15
TEST_14804,12
TEST_14805,9
TEST_14806,16
TEST_14807,11
TEST_14808,5
TEST_14809,7
TEST_14810,11
TEST_14811,2
TEST_14812,2
TEST_14813,13
TEST_14814,19
TEST_14815,0
TEST_14816,4
TEST_14817,15
TEST_14818,19
TEST_14819,0
TEST_14820,9
TEST_14821,1
TEST_14822,17
TEST_14823,16
TEST_14824,5
TEST_14825,19
TEST_14826,13
TEST_14827,8
TEST_14828,20
TEST_14829,13
TEST_14830,9
TEST_14831,12
TEST_14832,6
TEST_14833,0
TEST_14834,10
TEST_14835,13
TEST_14836,16
TEST_14837,15
TEST_14838,13
TEST_14839,12
TEST_14840,3
TEST_14841,5
TEST_14842,0
TEST_14843,8
TEST_14844,15
TEST_14845,5
TEST_14846,17
TEST_14847,15
TEST_14848,11
TEST_14849,19
TEST_14850,1
TEST_14851,4
TEST_14852,15
TEST_14853,19
TEST_14854,15
TEST_14855,10
TEST_14856,19
TEST_14857,8
TEST_14858,20
TEST_14859,7
TEST_14860,2
TEST_14861,16
TEST_14862,0
TEST_14863,12
TEST_14864,9
TEST_14865,20
TEST_14866,4
TEST_14867,1
TEST_14868,10
TEST_14869,3
TEST_14870,17
TEST_14871,0
TEST_14872,0
TEST_14873,18
TEST_14874,5
TEST_14875,18
TEST_14876,15
TEST_14877,13
TEST_14878,17
TEST_14879,18
TEST_14880,15
TEST_14881,3
TEST_14882,9
TEST_14883,2
TEST_14884,8
TEST_14885,18
TEST_14886,0
TEST_14887,12
TEST_14888,6
TEST_14889,9
TEST_14890,11
TEST_14891,20
TEST_14892,14
TEST_14893,13
TEST_14894,5
TEST_14895,15
TEST_14896,14
TEST_14897,8
TEST_14898,3
TEST_14899,12
TEST_14900,15
TEST_14901,10
TEST_14902,19
TEST_14903,6
TEST_14904,9
TEST_14905,6
TEST_14906,0
TEST_14907,9
TEST_14908,9
TEST_14909,19
TEST_14910,14
TEST_14911,12
TEST_14912,14
TEST_14913,2
TEST_14914,4
TEST_14915,20
TEST_14916,15
TEST_14917,4
TEST_14918,5
TEST_14919,17
TEST_14920,1
TEST_14921,2
TEST_14922,19
TEST_14923,7
TEST_14924,11
TEST_14925,8
TEST_14926,15
TEST_14927,6
TEST_14928,8
TEST_14929,3
TEST_14930,5
TEST_14931,15
TEST_14932,18
TEST_14933,18
TEST_14934,2
TEST_14935,6
TEST_14936,11
TEST_14937,13
TEST_14938,3
TEST_14939,5
TEST_14940,4
TEST_14941,3
TEST_14942,2
TEST_14943,13
TEST_14944,14
TEST_14945,0
TEST_14946,16
TEST_14947,3
TEST_14948,15
TEST_14949,16
TEST_14950,8
TEST_14951,8
TEST_14952,13
TEST_14953,0
TEST_14954,9
TEST_14955,3
TEST_14956,5
TEST_14957,6
TEST_14958,18
TEST_14959,18
TEST_14960,20
TEST_14961,17
TEST_14962,4
TEST_14963,20
TEST_14964,12
TEST_14965,5
TEST_14966,18
TEST_14967,5
TEST_14968,18
TEST_14969,20
TEST_14970,4
TEST_14971,9
TEST_14972,14
TEST_14973,5
TEST_14974,0
TEST_14975,3
TEST_14976,15
TEST_14977,12
TEST_14978,9
TEST_14979,4
TEST_14980,7
TEST_14981,11
TEST_14982,8
TEST_14983,8
TEST_14984,3
TEST_14985,3
TEST_14986,2
TEST_14987,20
TEST_14988,9
TEST_14989,9
TEST_14990,18
TEST_14991,10
TEST_14992,17
TEST_14993,14
TEST_14994,15
TEST_14995,17
TEST_14996,11
TEST_14997,11
TEST_14998,4
TEST_14999,5
TEST_15000,15
TEST_15001,6
TEST_15002,11
TEST_15003,4
